=== PHASE B-WAN SOAK START 2026-07-26 15:57:19 — 4 nodes, 3 continents, RTT 68-223 ms
=== image ghcr.io/lai3d/qumbra-node@sha256:7e4080f3… (digest-pinned, identical on all four)
[2026-07-26 15:57:19] iter=1
  node0/us-east-1 TELEMETRY tip=17 final=8 stall=9 age_s=241 diff=517 peers=6 mempool=0 epoch=0 regime=Final
  node1/eu-west-1 TELEMETRY tip=19 final=16 stall=3 age_s=40 diff=677 peers=6 mempool=0 epoch=0 regime=Final
  node2/ap-southeast-1 TELEMETRY tip=19 final=16 stall=3 age_s=40 diff=677 peers=6 mempool=0 epoch=0 regime=Final
  node3/ap-northeast-1 TELEMETRY tip=19 final=16 stall=3 age_s=40 diff=677 peers=6 mempool=0 epoch=0 regime=Final
[2026-07-26 16:02:30] iter=2
  node0/us-east-1 TELEMETRY tip=23 final=16 stall=7 age_s=277 diff=818 peers=6 mempool=0 epoch=0 regime=Final
  node1/eu-west-1 TELEMETRY tip=24 final=16 stall=8 age_s=304 diff=828 peers=6 mempool=0 epoch=0 regime=Final
  node2/ap-southeast-1 TELEMETRY tip=24 final=16 stall=8 age_s=304 diff=828 peers=6 mempool=0 epoch=0 regime=Final
  node3/ap-northeast-1 TELEMETRY tip=24 final=16 stall=8 age_s=304 diff=828 peers=6 mempool=0 epoch=0 regime=Final
[2026-07-26 16:07:45] iter=3
  node0/us-east-1 TELEMETRY tip=30 final=24 stall=6 age_s=299 diff=839 peers=6 mempool=0 epoch=0 regime=Final
  node1/eu-west-1 TELEMETRY tip=31 final=24 stall=7 age_s=347 diff=874 peers=6 mempool=0 epoch=0 regime=Final
  node2/ap-southeast-1 TELEMETRY tip=30 final=24 stall=6 age_s=288 diff=839 peers=6 mempool=0 epoch=0 regime=Final
  node3/ap-northeast-1 TELEMETRY tip=30 final=24 stall=6 age_s=299 diff=839 peers=6 mempool=0 epoch=0 regime=Final
[2026-07-26 16:12:55] iter=4
  node0/us-east-1 TELEMETRY tip=38 final=32 stall=6 age_s=252 diff=981 peers=6 mempool=0 epoch=0 regime=Final
  node1/eu-west-1 TELEMETRY tip=38 final=32 stall=6 age_s=252 diff=981 peers=6 mempool=0 epoch=0 regime=Final
  node2/ap-southeast-1 TELEMETRY tip=38 final=32 stall=6 age_s=252 diff=981 peers=6 mempool=0 epoch=0 regime=Final
  node3/ap-northeast-1 TELEMETRY tip=38 final=32 stall=6 age_s=252 diff=981 peers=6 mempool=0 epoch=0 regime=Final
=== SAMPLER HANDOVER 2026-07-26 16:16:12 — T-ops session takes over sampling; net itself NOT restarted
=== continues the run started 2026-07-26 15:43; samples above this line came from the coordinator-session sampler (PID 33859)
=== overlap with the old sampler is deliberate — duplicate samples, no gap
[2026-07-26 16:16:12] iter=1 (t-ops sampler)
  node0/us-east-1 TELEMETRY tip=41 final=32 stall=9 age_s=478 diff=1105 peers=6 mempool=0 epoch=0 regime=Final
  node1/eu-west-1 TELEMETRY tip=41 final=32 stall=9 age_s=478 diff=1105 peers=6 mempool=0 epoch=0 regime=Final
  node2/ap-southeast-1 TELEMETRY tip=41 final=32 stall=9 age_s=478 diff=1105 peers=6 mempool=0 epoch=0 regime=Final
  node3/ap-northeast-1 TELEMETRY tip=40 final=32 stall=8 age_s=381 diff=1062 peers=6 mempool=0 epoch=0 regime=Final
=== NOTE (appended by T-ops 2026-07-26 16:19 +0800, after the handover above):
=== the window 15:43-15:58 +0800 (07:43-07:58Z) predates any sampler and was RECOVERED from
=== container logs before json-file rotation could drop it. It lives in
=== ~/qumbra-ops/wan-soak-prelude-recovered.log and belongs BEFORE the first "=== PHASE B-WAN
=== SOAK START" line of this file when the evidence pack is assembled. Marked
=== "recovered from container logs, not sampled" there. Raw per-node dumps in ~/qumbra-ops/recovered/.
=== This record therefore has NO unsampled gap since the net started, but it is spliced from two
=== sources with different provenance and different timezones (prelude UTC, sampler +0800).
[2026-07-26 16:21:22] iter=2 (t-ops sampler)
  node0/us-east-1 TELEMETRY tip=48 final=32 stall=16 age_s=744 diff=1096 peers=6 mempool=0 epoch=0 regime=Final
  node1/eu-west-1 TELEMETRY tip=47 final=32 stall=15 age_s=736 diff=1097 peers=6 mempool=0 epoch=0 regime=Final
  node2/ap-southeast-1 TELEMETRY tip=48 final=32 stall=16 age_s=785 diff=1096 peers=6 mempool=0 epoch=0 regime=Final
  node3/ap-northeast-1 TELEMETRY tip=48 final=32 stall=16 age_s=744 diff=1096 peers=6 mempool=0 epoch=0 regime=Final
[2026-07-26 16:26:31] iter=3 (t-ops sampler)
  node0/us-east-1 TELEMETRY tip=55 final=48 stall=7 age_s=313 diff=1234 peers=6 mempool=0 epoch=0 regime=Final
  node1/eu-west-1 TELEMETRY tip=56 final=48 stall=8 age_s=343 diff=1257 peers=6 mempool=0 epoch=0 regime=Final
  node2/ap-southeast-1 TELEMETRY tip=55 final=48 stall=7 age_s=313 diff=1234 peers=6 mempool=0 epoch=0 regime=Final
  node3/ap-northeast-1 TELEMETRY tip=55 final=48 stall=7 age_s=313 diff=1234 peers=6 mempool=0 epoch=0 regime=Final
[2026-07-26 16:31:43] iter=4 (t-ops sampler)
  node0/us-east-1 TELEMETRY tip=60 final=56 stall=4 age_s=254 diff=1318 peers=6 mempool=0 epoch=0 regime=Final
  node1/eu-west-1 TELEMETRY tip=59 final=56 stall=3 age_s=139 diff=1294 peers=6 mempool=0 epoch=0 regime=Final
  node2/ap-southeast-1 TELEMETRY tip=60 final=56 stall=4 age_s=203 diff=1327 peers=6 mempool=0 epoch=0 regime=Final
  node3/ap-northeast-1 TELEMETRY tip=59 final=56 stall=3 age_s=139 diff=1294 peers=6 mempool=0 epoch=0 regime=Final
[2026-07-26 16:36:53] iter=5 (t-ops sampler)
  node0/us-east-1 TELEMETRY tip=66 final=64 stall=2 age_s=61 diff=1268 peers=6 mempool=0 epoch=0 regime=Final
  node1/eu-west-1 TELEMETRY tip=66 final=64 stall=2 age_s=61 diff=1268 peers=6 mempool=0 epoch=0 regime=Final
  node2/ap-southeast-1 TELEMETRY tip=66 final=64 stall=2 age_s=61 diff=1268 peers=6 mempool=0 epoch=0 regime=Final
  node3/ap-northeast-1 TELEMETRY tip=63 final=56 stall=7 age_s=455 diff=1251 peers=6 mempool=0 epoch=0 regime=Final
[2026-07-26 16:42:03] iter=6 (t-ops sampler)
  node0/us-east-1 TELEMETRY tip=72 final=64 stall=8 age_s=398 diff=1310 peers=6 mempool=0 epoch=0 regime=Final
  node1/eu-west-1 TELEMETRY tip=71 final=64 stall=7 age_s=366 diff=1302 peers=6 mempool=0 epoch=0 regime=Final
  node2/ap-southeast-1 TELEMETRY tip=72 final=64 stall=8 age_s=398 diff=1310 peers=6 mempool=0 epoch=0 regime=Final
  node3/ap-northeast-1 TELEMETRY tip=72 final=64 stall=8 age_s=398 diff=1310 peers=6 mempool=0 epoch=0 regime=Final
=== SAMPLER HANDOVER 2026-07-26 16:44:12 — relocated to <workspace>/qumbra-ops/; net itself NOT restarted
=== continues the run started 2026-07-26 15:43; samples above came from PID 33859 (coordinator scratchpad) then PID 44963 (~/qumbra-ops/)
=== overlap with the previous sampler is deliberate — duplicate samples, no gap
[2026-07-26 16:44:12] iter=1 (t-ops sampler)
  node0/us-east-1 TELEMETRY tip=73 final=64 stall=9 age_s=439 diff=1334 peers=6 mempool=0 epoch=0 regime=Final
  node1/eu-west-1 TELEMETRY tip=73 final=64 stall=9 age_s=439 diff=1334 peers=6 mempool=0 epoch=0 regime=Final
  node2/ap-southeast-1 TELEMETRY tip=75 final=72 stall=3 age_s=124 diff=1383 peers=6 mempool=0 epoch=0 regime=Final
  node3/ap-northeast-1 TELEMETRY tip=75 final=72 stall=3 age_s=124 diff=1383 peers=6 mempool=0 epoch=0 regime=Final
[2026-07-26 16:49:23] iter=2 (t-ops sampler)
  node0/us-east-1 TELEMETRY tip=77 final=72 stall=5 age_s=292 diff=1366 peers=6 mempool=0 epoch=0 regime=Final
  node1/eu-west-1 TELEMETRY tip=78 final=72 stall=6 age_s=462 diff=1340 peers=6 mempool=0 epoch=0 regime=Final
  node2/ap-southeast-1 TELEMETRY tip=78 final=72 stall=6 age_s=413 diff=1355 peers=6 mempool=0 epoch=0 regime=Final
  node3/ap-northeast-1 TELEMETRY tip=77 final=72 stall=5 age_s=291 diff=1378 peers=6 mempool=0 epoch=0 regime=Final
[2026-07-26 16:54:33] iter=3 (t-ops sampler)
  node0/us-east-1 TELEMETRY tip=81 final=80 stall=1 age_s=70 diff=1250 peers=6 mempool=0 epoch=0 regime=Final
  node1/eu-west-1 TELEMETRY tip=79 final=72 stall=7 age_s=559 diff=1310 peers=6 mempool=0 epoch=0 regime=Final
  node2/ap-southeast-1 TELEMETRY tip=81 final=80 stall=1 age_s=35 diff=1250 peers=6 mempool=0 epoch=0 regime=Final
  node3/ap-northeast-1 TELEMETRY tip=80 final=72 stall=8 age_s=642 diff=1264 peers=6 mempool=0 epoch=0 regime=Final
[2026-07-26 16:59:43] iter=4 (t-ops sampler)
  node0/us-east-1 TELEMETRY tip=86 final=80 stall=6 age_s=358 diff=1246 peers=6 mempool=0 epoch=0 regime=Final
  node1/eu-west-1 TELEMETRY tip=86 final=80 stall=6 age_s=358 diff=1246 peers=6 mempool=0 epoch=0 regime=Final
  node2/ap-southeast-1 TELEMETRY tip=87 final=80 stall=7 age_s=439 diff=1268 peers=6 mempool=0 epoch=0 regime=Final
  node3/ap-northeast-1 TELEMETRY tip=86 final=80 stall=6 age_s=382 diff=1246 peers=6 mempool=0 epoch=0 regime=Final
[2026-07-26 17:04:53] iter=5 (t-ops sampler)
  node0/us-east-1 TELEMETRY tip=90 final=88 stall=2 age_s=249 diff=1203 peers=6 mempool=0 epoch=0 regime=Final
  node1/eu-west-1 TELEMETRY tip=90 final=88 stall=2 age_s=247 diff=1203 peers=6 mempool=0 epoch=0 regime=Final
  node2/ap-southeast-1 TELEMETRY tip=90 final=88 stall=2 age_s=249 diff=1203 peers=6 mempool=0 epoch=0 regime=Final
  node3/ap-northeast-1 TELEMETRY tip=90 final=88 stall=2 age_s=249 diff=1203 peers=6 mempool=0 epoch=0 regime=Final
[2026-07-26 17:10:03] iter=6 (t-ops sampler)
  node0/us-east-1 TELEMETRY tip=93 final=88 stall=5 age_s=432 diff=1210 peers=6 mempool=0 epoch=0 regime=Final
  node1/eu-west-1 TELEMETRY tip=94 final=88 stall=6 age_s=512 diff=1226 peers=6 mempool=0 epoch=0 regime=Final
  node2/ap-southeast-1 TELEMETRY tip=95 final=88 stall=7 age_s=537 diff=1254 peers=6 mempool=0 epoch=0 regime=Final
  node3/ap-northeast-1 TELEMETRY tip=95 final=88 stall=7 age_s=537 diff=1254 peers=6 mempool=0 epoch=0 regime=Final
[2026-07-26 17:15:12] iter=7 (t-ops sampler)
  node0/us-east-1 TELEMETRY tip=102 final=96 stall=6 age_s=244 diff=1301 peers=6 mempool=0 epoch=0 regime=Final
  node1/eu-west-1 TELEMETRY tip=102 final=96 stall=6 age_s=244 diff=1301 peers=6 mempool=0 epoch=0 regime=Final
  node2/ap-southeast-1 TELEMETRY tip=100 final=96 stall=4 age_s=164 diff=1271 peers=6 mempool=0 epoch=0 regime=Final
  node3/ap-northeast-1 TELEMETRY tip=101 final=96 stall=5 age_s=194 diff=1285 peers=6 mempool=0 epoch=0 regime=Final
[2026-07-26 17:20:22] iter=8 (t-ops sampler)
  node0/us-east-1 TELEMETRY tip=106 final=96 stall=10 age_s=533 diff=1290 peers=6 mempool=0 epoch=0 regime=Final
  node1/eu-west-1 TELEMETRY tip=107 final=96 stall=11 age_s=596 diff=1298 peers=6 mempool=0 epoch=0 regime=Final
  node2/ap-southeast-1 TELEMETRY tip=106 final=96 stall=10 age_s=533 diff=1290 peers=6 mempool=0 epoch=0 regime=Final
  node3/ap-northeast-1 TELEMETRY tip=107 final=96 stall=11 age_s=596 diff=1298 peers=6 mempool=0 epoch=0 regime=Final
[2026-07-26 17:25:32] iter=9 (t-ops sampler)
  node0/us-east-1 TELEMETRY tip=112 final=96 stall=16 age_s=873 diff=1311 peers=6 mempool=0 epoch=0 regime=Final
  node1/eu-west-1 TELEMETRY tip=112 final=96 stall=16 age_s=873 diff=1311 peers=6 mempool=0 epoch=0 regime=Final
  node2/ap-southeast-1 TELEMETRY tip=112 final=96 stall=16 age_s=873 diff=1311 peers=6 mempool=0 epoch=0 regime=Final
  node3/ap-northeast-1 TELEMETRY tip=112 final=96 stall=16 age_s=883 diff=1311 peers=6 mempool=0 epoch=0 regime=Final
[2026-07-26 17:30:42] iter=10 (t-ops sampler)
  node0/us-east-1 TELEMETRY tip=117 final=112 stall=5 age_s=330 diff=1344 peers=6 mempool=0 epoch=0 regime=Final
  node1/eu-west-1 TELEMETRY tip=116 final=112 stall=4 age_s=215 diff=1339 peers=6 mempool=0 epoch=0 regime=Final
  node2/ap-southeast-1 TELEMETRY tip=117 final=112 stall=5 age_s=330 diff=1344 peers=6 mempool=0 epoch=0 regime=Final
  node3/ap-northeast-1 TELEMETRY tip=117 final=112 stall=5 age_s=330 diff=1344 peers=6 mempool=0 epoch=0 regime=Final
[2026-07-26 17:35:54] iter=11 (t-ops sampler)
  node0/us-east-1 TELEMETRY tip=122 final=112 stall=10 age_s=617 diff=1331 peers=6 mempool=0 epoch=0 regime=Final
  node1/eu-west-1 TELEMETRY tip=122 final=120 stall=2 age_s=103 diff=1331 peers=6 mempool=0 epoch=0 regime=Final
  node2/ap-southeast-1 TELEMETRY tip=123 final=112 stall=11 age_s=681 diff=1357 peers=6 mempool=0 epoch=0 regime=Final
  node3/ap-northeast-1 TELEMETRY tip=122 final=112 stall=10 age_s=615 diff=1331 peers=6 mempool=0 epoch=0 regime=Final
[2026-07-26 17:41:06] iter=12 (t-ops sampler)
  node0/us-east-1 TELEMETRY tip=127 final=120 stall=7 age_s=407 diff=1412 peers=6 mempool=0 epoch=0 regime=Final
  node1/eu-west-1 TELEMETRY tip=125 final=120 stall=5 age_s=231 diff=1387 peers=6 mempool=0 epoch=0 regime=Final
  node2/ap-southeast-1 TELEMETRY tip=127 final=120 stall=7 age_s=407 diff=1412 peers=6 mempool=0 epoch=0 regime=Final
  node3/ap-northeast-1 TELEMETRY tip=127 final=120 stall=7 age_s=407 diff=1412 peers=6 mempool=0 epoch=0 regime=Final
[2026-07-26 17:46:16] iter=13 (t-ops sampler)
  node0/us-east-1 TELEMETRY tip=133 final=128 stall=5 age_s=240 diff=1469 peers=6 mempool=0 epoch=0 regime=Final
  node1/eu-west-1 TELEMETRY tip=134 final=128 stall=6 age_s=264 diff=1479 peers=6 mempool=0 epoch=0 regime=Final
  node2/ap-southeast-1 TELEMETRY tip=134 final=128 stall=6 age_s=264 diff=1479 peers=6 mempool=0 epoch=0 regime=Final
  node3/ap-northeast-1 TELEMETRY tip=132 final=128 stall=4 age_s=183 diff=1447 peers=6 mempool=0 epoch=0 regime=Final
[2026-07-26 17:51:25] iter=14 (t-ops sampler)
  node0/us-east-1 TELEMETRY tip=139 final=136 stall=3 age_s=182 diff=1544 peers=6 mempool=0 epoch=0 regime=Final
  node1/eu-west-1 TELEMETRY tip=139 final=136 stall=3 age_s=184 diff=1544 peers=6 mempool=0 epoch=0 regime=Final
  node2/ap-southeast-1 TELEMETRY tip=140 final=136 stall=4 age_s=233 diff=1563 peers=6 mempool=0 epoch=0 regime=Final
  node3/ap-northeast-1 TELEMETRY tip=140 final=136 stall=4 age_s=233 diff=1563 peers=6 mempool=0 epoch=0 regime=Final
[2026-07-26 17:56:36] iter=15 (t-ops sampler)
  node0/us-east-1 TELEMETRY tip=143 final=136 stall=7 age_s=456 diff=1609 peers=6 mempool=0 epoch=0 regime=Final
  node1/eu-west-1 TELEMETRY tip=144 final=136 stall=8 age_s=492 diff=1574 peers=6 mempool=0 epoch=0 regime=Final
  node2/ap-southeast-1 TELEMETRY tip=144 final=136 stall=8 age_s=492 diff=1574 peers=6 mempool=0 epoch=0 regime=Final
  node3/ap-northeast-1 TELEMETRY tip=144 final=136 stall=8 age_s=492 diff=1574 peers=6 mempool=0 epoch=0 regime=Final
[2026-07-26 18:01:46] iter=16 (t-ops sampler)
  node0/us-east-1 TELEMETRY tip=150 final=144 stall=6 age_s=317 diff=1626 peers=6 mempool=0 epoch=0 regime=Final
  node1/eu-west-1 TELEMETRY tip=150 final=144 stall=6 age_s=317 diff=1626 peers=6 mempool=0 epoch=0 regime=Final
  node2/ap-southeast-1 TELEMETRY tip=150 final=144 stall=6 age_s=317 diff=1626 peers=6 mempool=0 epoch=0 regime=Final
  node3/ap-northeast-1 TELEMETRY tip=150 final=144 stall=6 age_s=317 diff=1626 peers=6 mempool=0 epoch=0 regime=Final
[2026-07-26 18:06:55] iter=17 (t-ops sampler)
  node0/us-east-1 TELEMETRY tip=153 final=152 stall=1 age_s=144 diff=1681 peers=6 mempool=0 epoch=0 regime=Final
  node1/eu-west-1 TELEMETRY tip=153 final=152 stall=1 age_s=119 diff=1681 peers=6 mempool=0 epoch=0 regime=Final
  node2/ap-southeast-1 TELEMETRY tip=153 final=152 stall=1 age_s=118 diff=1681 peers=6 mempool=0 epoch=0 regime=Final
  node3/ap-northeast-1 TELEMETRY tip=153 final=152 stall=1 age_s=56 diff=1681 peers=6 mempool=0 epoch=0 regime=Final
[2026-07-26 18:12:07] iter=18 (t-ops sampler)
  node0/us-east-1 TELEMETRY tip=156 final=152 stall=4 age_s=419 diff=1616 peers=6 mempool=0 epoch=0 regime=Final
  node1/eu-west-1 TELEMETRY tip=156 final=152 stall=4 age_s=419 diff=1616 peers=6 mempool=0 epoch=0 regime=Final
  node2/ap-southeast-1 TELEMETRY tip=156 final=152 stall=4 age_s=475 diff=1616 peers=6 mempool=0 epoch=0 regime=Final
  node3/ap-northeast-1 TELEMETRY tip=157 final=152 stall=5 age_s=566 diff=1602 peers=6 mempool=0 epoch=0 regime=Final
[2026-07-26 18:17:19] iter=19 (t-ops sampler)
  node0/us-east-1 TELEMETRY tip=159 final=152 stall=7 age_s=833 diff=1575 peers=6 mempool=0 epoch=0 regime=Final
  node1/eu-west-1 TELEMETRY tip=159 final=152 stall=7 age_s=816 diff=1575 peers=6 mempool=0 epoch=0 regime=Final
  node2/ap-southeast-1 TELEMETRY tip=159 final=152 stall=7 age_s=821 diff=1575 peers=6 mempool=0 epoch=0 regime=Final
  node3/ap-northeast-1 TELEMETRY tip=159 final=152 stall=7 age_s=819 diff=1575 peers=6 mempool=0 epoch=0 regime=Final
[2026-07-26 18:22:30] iter=20 (t-ops sampler)
  node0/us-east-1 TELEMETRY tip=166 final=160 stall=6 age_s=244 diff=1609 peers=6 mempool=0 epoch=0 regime=Final
  node1/eu-west-1 TELEMETRY tip=165 final=160 stall=5 age_s=218 diff=1593 peers=6 mempool=0 epoch=0 regime=Final
  node2/ap-southeast-1 TELEMETRY tip=166 final=160 stall=6 age_s=244 diff=1609 peers=6 mempool=0 epoch=0 regime=Final
  node3/ap-northeast-1 TELEMETRY tip=166 final=160 stall=6 age_s=244 diff=1609 peers=6 mempool=0 epoch=0 regime=Final
[2026-07-26 18:27:40] iter=21 (t-ops sampler)
  node0/us-east-1 TELEMETRY tip=171 final=168 stall=3 age_s=270 diff=1654 peers=6 mempool=0 epoch=0 regime=Final
  node1/eu-west-1 TELEMETRY tip=170 final=168 stall=2 age_s=150 diff=1657 peers=6 mempool=0 epoch=0 regime=Final
  node2/ap-southeast-1 TELEMETRY tip=171 final=168 stall=3 age_s=270 diff=1654 peers=6 mempool=0 epoch=0 regime=Final
  node3/ap-northeast-1 TELEMETRY tip=170 final=168 stall=2 age_s=192 diff=1657 peers=6 mempool=0 epoch=0 regime=Final
[2026-07-26 18:32:50] iter=22 (t-ops sampler)
  node0/us-east-1 TELEMETRY tip=177 final=168 stall=9 age_s=515 diff=1725 peers=6 mempool=0 epoch=0 regime=Final
  node1/eu-west-1 TELEMETRY tip=177 final=168 stall=9 age_s=498 diff=1725 peers=6 mempool=0 epoch=0 regime=Final
  node2/ap-southeast-1 TELEMETRY tip=177 final=168 stall=9 age_s=486 diff=1725 peers=6 mempool=0 epoch=0 regime=Final
  node3/ap-northeast-1 TELEMETRY tip=177 final=168 stall=9 age_s=506 diff=1725 peers=6 mempool=0 epoch=0 regime=Final
[2026-07-26 18:38:03] iter=23 (t-ops sampler)
  node0/us-east-1 TELEMETRY tip=181 final=176 stall=5 age_s=442 diff=1682 peers=6 mempool=0 epoch=0 regime=Final
  node1/eu-west-1 TELEMETRY tip=181 final=176 stall=5 age_s=442 diff=1682 peers=6 mempool=0 epoch=0 regime=Final
  node2/ap-southeast-1 TELEMETRY tip=181 final=176 stall=5 age_s=442 diff=1682 peers=6 mempool=0 epoch=0 regime=Final
  node3/ap-northeast-1 TELEMETRY tip=181 final=176 stall=5 age_s=442 diff=1682 peers=6 mempool=0 epoch=0 regime=Final
[2026-07-26 18:43:13] iter=24 (t-ops sampler)
  node0/us-east-1 TELEMETRY tip=185 final=176 stall=9 age_s=713 diff=1696 peers=6 mempool=0 epoch=0 regime=Final
  node1/eu-west-1 TELEMETRY tip=184 final=176 stall=8 age_s=639 diff=1700 peers=6 mempool=0 epoch=0 regime=Final
  node2/ap-southeast-1 TELEMETRY tip=186 final=176 stall=10 age_s=759 diff=1695 peers=6 mempool=0 epoch=0 regime=Final
  node3/ap-northeast-1 TELEMETRY tip=186 final=176 stall=10 age_s=759 diff=1695 peers=6 mempool=0 epoch=0 regime=Final
[2026-07-26 18:48:22] iter=25 (t-ops sampler)
  node0/us-east-1 TELEMETRY tip=191 final=176 stall=15 age_s=1069 diff=1706 peers=6 mempool=0 epoch=0 regime=Final
  node1/eu-west-1 TELEMETRY tip=189 final=176 stall=13 age_s=974 diff=1716 peers=6 mempool=0 epoch=0 regime=Final
  node2/ap-southeast-1 TELEMETRY tip=190 final=176 stall=14 age_s=1050 diff=1725 peers=6 mempool=0 epoch=0 regime=Final
  node3/ap-northeast-1 TELEMETRY tip=191 final=176 stall=15 age_s=1069 diff=1706 peers=6 mempool=0 epoch=0 regime=Final
[2026-07-26 18:53:35] iter=26 (t-ops sampler)
  node0/us-east-1 TELEMETRY tip=196 final=176 stall=20 age_s=1328 diff=1764 peers=6 mempool=0 epoch=0 regime=Degraded
  node1/eu-west-1 TELEMETRY tip=196 final=176 stall=20 age_s=1328 diff=1764 peers=6 mempool=0 epoch=0 regime=Degraded
  node2/ap-southeast-1 TELEMETRY tip=192 final=176 stall=16 age_s=1162 diff=1730 peers=6 mempool=0 epoch=0 regime=Final
  node3/ap-northeast-1 TELEMETRY tip=196 final=176 stall=20 age_s=1343 diff=1764 peers=6 mempool=0 epoch=0 regime=Degraded
[2026-07-26 18:53:35] ⚠️  tip spread 192..196 (>3 blocks — watch for a fork)
[2026-07-26 18:58:44] iter=27 (t-ops sampler)
  node0/us-east-1 TELEMETRY tip=201 final=200 stall=1 age_s=43 diff=1816 peers=6 mempool=0 epoch=0 regime=Final
  node1/eu-west-1 TELEMETRY tip=201 final=200 stall=1 age_s=70 diff=1816 peers=6 mempool=0 epoch=0 regime=Final
  node2/ap-southeast-1 TELEMETRY tip=201 final=200 stall=1 age_s=43 diff=1816 peers=6 mempool=0 epoch=0 regime=Final
  node3/ap-northeast-1 TELEMETRY tip=200 final=176 stall=24 age_s=1538 diff=1798 peers=6 mempool=0 epoch=0 regime=Degraded
[2026-07-26 19:03:54] iter=28 (t-ops sampler)
  node0/us-east-1 TELEMETRY tip=204 final=200 stall=4 age_s=366 diff=1784 peers=6 mempool=0 epoch=0 regime=Final
  node1/eu-west-1 TELEMETRY tip=205 final=200 stall=5 age_s=444 diff=1783 peers=6 mempool=0 epoch=0 regime=Final
  node2/ap-southeast-1 TELEMETRY tip=203 final=200 stall=3 age_s=280 diff=1804 peers=6 mempool=0 epoch=0 regime=Final
  node3/ap-northeast-1 TELEMETRY tip=204 final=200 stall=4 age_s=355 diff=1788 peers=6 mempool=0 epoch=0 regime=Final
[2026-07-26 19:09:04] iter=29 (t-ops sampler)
  node0/us-east-1 TELEMETRY tip=212 final=208 stall=4 age_s=212 diff=1854 peers=6 mempool=0 epoch=0 regime=Final
  node1/eu-west-1 TELEMETRY tip=212 final=208 stall=4 age_s=212 diff=1854 peers=6 mempool=0 epoch=0 regime=Final
  node2/ap-southeast-1 TELEMETRY tip=212 final=208 stall=4 age_s=212 diff=1854 peers=6 mempool=0 epoch=0 regime=Final
  node3/ap-northeast-1 TELEMETRY tip=211 final=208 stall=3 age_s=167 diff=1833 peers=6 mempool=0 epoch=0 regime=Final
[2026-07-26 19:14:14] iter=30 (t-ops sampler)
  node0/us-east-1 TELEMETRY tip=215 final=208 stall=7 age_s=366 diff=1910 peers=6 mempool=0 epoch=0 regime=Final
  node1/eu-west-1 TELEMETRY tip=216 final=208 stall=8 age_s=469 diff=1903 peers=6 mempool=0 epoch=0 regime=Final
  node2/ap-southeast-1 TELEMETRY tip=215 final=208 stall=7 age_s=322 diff=1910 peers=6 mempool=0 epoch=0 regime=Final
  node3/ap-northeast-1 TELEMETRY tip=215 final=208 stall=7 age_s=366 diff=1910 peers=6 mempool=0 epoch=0 regime=Final
[2026-07-26 19:19:24] iter=31 (t-ops sampler)
  node0/us-east-1 TELEMETRY tip=223 final=208 stall=15 age_s=816 diff=1941 peers=6 mempool=0 epoch=0 regime=Final
  node1/eu-west-1 TELEMETRY tip=223 final=208 stall=15 age_s=816 diff=1941 peers=6 mempool=0 epoch=0 regime=Final
  node2/ap-southeast-1 TELEMETRY tip=223 final=208 stall=15 age_s=816 diff=1941 peers=6 mempool=0 epoch=0 regime=Final
  node3/ap-northeast-1 TELEMETRY tip=219 final=208 stall=11 age_s=673 diff=1868 peers=6 mempool=0 epoch=0 regime=Final
[2026-07-26 19:19:24] ⚠️  tip spread 219..223 (>3 blocks — watch for a fork)
[2026-07-26 19:24:39] iter=32 (t-ops sampler)
  node0/us-east-1 TELEMETRY tip=228 final=224 stall=4 age_s=259 diff=2005 peers=6 mempool=0 epoch=0 regime=Final
  node1/eu-west-1 TELEMETRY tip=228 final=224 stall=4 age_s=259 diff=2005 peers=6 mempool=0 epoch=0 regime=Final
  node2/ap-southeast-1 TELEMETRY tip=228 final=224 stall=4 age_s=259 diff=2005 peers=6 mempool=0 epoch=0 regime=Final
  node3/ap-northeast-1 TELEMETRY tip=226 final=224 stall=2 age_s=53 diff=2020 peers=6 mempool=0 epoch=0 regime=Final
[2026-07-26 19:29:51] iter=33 (t-ops sampler)
  node0/us-east-1 TELEMETRY tip=232 final=224 stall=8 age_s=541 diff=2055 peers=6 mempool=0 epoch=0 regime=Final
  node1/eu-west-1 TELEMETRY tip=232 final=224 stall=8 age_s=541 diff=2055 peers=6 mempool=0 epoch=0 regime=Final
  node2/ap-southeast-1 TELEMETRY tip=231 final=224 stall=7 age_s=410 diff=2050 peers=6 mempool=0 epoch=0 regime=Final
  node3/ap-northeast-1 TELEMETRY tip=233 final=224 stall=9 age_s=661 diff=2024 peers=6 mempool=0 epoch=0 regime=Final
[2026-07-26 19:36:07] iter=34 (t-ops sampler)
  node0/us-east-1 TELEMETRY tip=236 final=224 stall=12 age_s=910 diff=1978 peers=6 mempool=0 epoch=0 regime=Final
  node1/eu-west-1 TELEMETRY tip=235 final=224 stall=11 age_s=854 diff=2034 peers=6 mempool=0 epoch=0 regime=Final
  node2/ap-southeast-1 TELEMETRY tip=236 final=224 stall=12 age_s=978 diff=1978 peers=6 mempool=0 epoch=0 regime=Final
  node3/ap-northeast-1 TELEMETRY tip=235 final=224 stall=11 age_s=854 diff=2034 peers=6 mempool=0 epoch=0 regime=Final
[2026-07-26 19:41:18] iter=35 (t-ops sampler)
  node0/us-east-1 TELEMETRY tip=238 final=224 stall=14 age_s=1184 diff=1947 peers=6 mempool=0 epoch=0 regime=Final
  node1/eu-west-1 TELEMETRY tip=238 final=224 stall=14 age_s=1143 diff=1947 peers=6 mempool=0 epoch=0 regime=Final
  node2/ap-southeast-1 TELEMETRY tip=239 final=224 stall=15 age_s=1302 diff=1947 peers=6 mempool=0 epoch=0 regime=Final
  node3/ap-northeast-1 TELEMETRY tip=238 final=224 stall=14 age_s=1164 diff=1947 peers=6 mempool=0 epoch=0 regime=Final
[2026-07-26 19:46:29] iter=36 (t-ops sampler)
  node0/us-east-1 TELEMETRY tip=244 final=240 stall=4 age_s=192 diff=1972 peers=6 mempool=0 epoch=0 regime=Final
  node1/eu-west-1 TELEMETRY tip=243 final=240 stall=3 age_s=105 diff=1967 peers=6 mempool=0 epoch=0 regime=Final
  node2/ap-southeast-1 TELEMETRY tip=243 final=240 stall=3 age_s=140 diff=1967 peers=6 mempool=0 epoch=0 regime=Final
  node3/ap-northeast-1 TELEMETRY tip=244 final=240 stall=4 age_s=179 diff=1972 peers=6 mempool=0 epoch=0 regime=Final
[2026-07-26 19:51:39] iter=37 (t-ops sampler)
  node0/us-east-1 TELEMETRY tip=247 final=240 stall=7 age_s=374 diff=1972 peers=6 mempool=0 epoch=0 regime=Final
  node1/eu-west-1 TELEMETRY tip=248 final=240 stall=8 age_s=484 diff=2007 peers=6 mempool=0 epoch=0 regime=Final
  node2/ap-southeast-1 TELEMETRY tip=249 final=240 stall=9 age_s=550 diff=2009 peers=6 mempool=0 epoch=0 regime=Final
  node3/ap-northeast-1 TELEMETRY tip=249 final=240 stall=9 age_s=563 diff=2009 peers=6 mempool=0 epoch=0 regime=Final
[2026-07-26 19:56:53] iter=38 (t-ops sampler)
  node0/us-east-1 TELEMETRY tip=252 final=240 stall=12 age_s=803 diff=1979 peers=6 mempool=0 epoch=0 regime=Final
  node1/eu-west-1 TELEMETRY tip=252 final=240 stall=12 age_s=803 diff=1979 peers=6 mempool=0 epoch=0 regime=Final
  node2/ap-southeast-1 TELEMETRY tip=253 final=240 stall=13 age_s=842 diff=1980 peers=6 mempool=0 epoch=0 regime=Final
  node3/ap-northeast-1 TELEMETRY tip=253 final=240 stall=13 age_s=842 diff=1980 peers=6 mempool=0 epoch=0 regime=Final
[2026-07-26 20:02:02] iter=39 (t-ops sampler)
  node0/us-east-1 TELEMETRY tip=256 final=240 stall=16 age_s=1210 diff=1963 peers=6 mempool=0 epoch=0 regime=Final
  node1/eu-west-1 TELEMETRY tip=256 final=240 stall=16 age_s=1210 diff=1963 peers=6 mempool=0 epoch=0 regime=Final
  node2/ap-southeast-1 TELEMETRY tip=255 final=240 stall=15 age_s=1064 diff=1975 peers=6 mempool=0 epoch=0 regime=Final
  node3/ap-northeast-1 TELEMETRY tip=255 final=240 stall=15 age_s=1064 diff=1975 peers=6 mempool=0 epoch=0 regime=Final
[2026-07-26 20:07:12] iter=40 (t-ops sampler)
  node0/us-east-1 TELEMETRY tip=258 final=240 stall=18 age_s=1474 diff=1892 peers=6 mempool=0 epoch=0 regime=Degraded
  node1/eu-west-1 TELEMETRY tip=258 final=240 stall=18 age_s=1489 diff=1892 peers=6 mempool=0 epoch=0 regime=Degraded
  node2/ap-southeast-1 TELEMETRY tip=258 final=240 stall=18 age_s=1499 diff=1892 peers=6 mempool=0 epoch=0 regime=Degraded
  node3/ap-northeast-1 TELEMETRY tip=257 final=240 stall=17 age_s=1367 diff=1958 peers=6 mempool=0 epoch=0 regime=Degraded
[2026-07-26 20:12:22] iter=41 (t-ops sampler)
  node0/us-east-1 TELEMETRY tip=262 final=240 stall=22 age_s=1766 diff=1856 peers=6 mempool=0 epoch=0 regime=Degraded
  node1/eu-west-1 TELEMETRY tip=262 final=240 stall=22 age_s=1766 diff=1856 peers=6 mempool=0 epoch=0 regime=Degraded
  node2/ap-southeast-1 TELEMETRY tip=262 final=240 stall=22 age_s=1766 diff=1856 peers=6 mempool=0 epoch=0 regime=Degraded
  node3/ap-northeast-1 TELEMETRY tip=262 final=240 stall=22 age_s=1766 diff=1856 peers=6 mempool=0 epoch=0 regime=Degraded
[2026-07-26 20:17:33] iter=42 (t-ops sampler)
  node0/us-east-1 TELEMETRY tip=268 final=264 stall=4 age_s=176 diff=1933 peers=6 mempool=0 epoch=0 regime=Final
  node1/eu-west-1 TELEMETRY tip=269 final=264 stall=5 age_s=251 diff=1956 peers=6 mempool=0 epoch=0 regime=Final
  node2/ap-southeast-1 TELEMETRY tip=264 final=240 stall=24 age_s=1873 diff=1880 peers=6 mempool=0 epoch=0 regime=Degraded
  node3/ap-northeast-1 TELEMETRY tip=269 final=264 stall=5 age_s=268 diff=1956 peers=6 mempool=0 epoch=0 regime=Final
[2026-07-26 20:17:33] ⚠️  tip spread 264..269 (>3 blocks — watch for a fork)
[2026-07-26 20:22:46] iter=43 (t-ops sampler)
  node0/us-east-1 TELEMETRY tip=272 final=264 stall=8 age_s=509 diff=1969 peers=6 mempool=0 epoch=0 regime=Final
  node1/eu-west-1 TELEMETRY tip=270 final=264 stall=6 age_s=351 diff=1956 peers=6 mempool=0 epoch=0 regime=Final
  node2/ap-southeast-1 TELEMETRY tip=271 final=264 stall=7 age_s=371 diff=1944 peers=6 mempool=0 epoch=0 regime=Final
  node3/ap-northeast-1 TELEMETRY tip=272 final=264 stall=8 age_s=509 diff=1969 peers=6 mempool=0 epoch=0 regime=Final
[2026-07-26 20:27:59] iter=44 (t-ops sampler)
  node0/us-east-1 TELEMETRY tip=276 final=272 stall=4 age_s=384 diff=1916 peers=6 mempool=0 epoch=0 regime=Final
  node1/eu-west-1 TELEMETRY tip=275 final=272 stall=3 age_s=278 diff=1920 peers=6 mempool=0 epoch=0 regime=Final
  node2/ap-southeast-1 TELEMETRY tip=276 final=272 stall=4 age_s=384 diff=1916 peers=6 mempool=0 epoch=0 regime=Final
  node3/ap-northeast-1 TELEMETRY tip=275 final=272 stall=3 age_s=278 diff=1920 peers=6 mempool=0 epoch=0 regime=Final
[2026-07-26 20:33:09] iter=45 (t-ops sampler)
  node0/us-east-1 TELEMETRY tip=281 final=272 stall=9 age_s=650 diff=1923 peers=6 mempool=0 epoch=0 regime=Final
  node1/eu-west-1 TELEMETRY tip=281 final=272 stall=9 age_s=650 diff=1923 peers=6 mempool=0 epoch=0 regime=Final
  node2/ap-southeast-1 TELEMETRY tip=281 final=272 stall=9 age_s=650 diff=1923 peers=6 mempool=0 epoch=0 regime=Final
  node3/ap-northeast-1 TELEMETRY tip=281 final=272 stall=9 age_s=650 diff=1923 peers=6 mempool=0 epoch=0 regime=Final
[2026-07-26 20:38:19] iter=46 (t-ops sampler)
  node0/us-east-1 TELEMETRY tip=286 final=280 stall=6 age_s=308 diff=1972 peers=6 mempool=0 epoch=0 regime=Final
  node1/eu-west-1 TELEMETRY tip=286 final=280 stall=6 age_s=328 diff=1972 peers=6 mempool=0 epoch=0 regime=Final
  node2/ap-southeast-1 TELEMETRY tip=286 final=280 stall=6 age_s=368 diff=1972 peers=6 mempool=0 epoch=0 regime=Final
  node3/ap-northeast-1 TELEMETRY tip=286 final=280 stall=6 age_s=308 diff=1972 peers=6 mempool=0 epoch=0 regime=Final
[2026-07-26 20:43:30] iter=47 (t-ops sampler)
  node0/us-east-1 TELEMETRY tip=292 final=280 stall=12 age_s=674 diff=1999 peers=6 mempool=0 epoch=0 regime=Final
  node1/eu-west-1 TELEMETRY tip=291 final=280 stall=11 age_s=654 diff=1988 peers=6 mempool=0 epoch=0 regime=Final
  node2/ap-southeast-1 TELEMETRY tip=291 final=280 stall=11 age_s=654 diff=1988 peers=6 mempool=0 epoch=0 regime=Final
  node3/ap-northeast-1 TELEMETRY tip=292 final=280 stall=12 age_s=674 diff=1999 peers=6 mempool=0 epoch=0 regime=Final
[2026-07-26 20:48:40] iter=48 (t-ops sampler)
  node0/us-east-1 TELEMETRY tip=296 final=280 stall=16 age_s=903 diff=2067 peers=6 mempool=0 epoch=0 regime=Final
  node1/eu-west-1 TELEMETRY tip=296 final=280 stall=16 age_s=903 diff=2067 peers=6 mempool=0 epoch=0 regime=Final
  node2/ap-southeast-1 TELEMETRY tip=295 final=280 stall=15 age_s=812 diff=2057 peers=6 mempool=0 epoch=0 regime=Final
  node3/ap-northeast-1 TELEMETRY tip=295 final=280 stall=15 age_s=812 diff=2057 peers=6 mempool=0 epoch=0 regime=Final
[2026-07-26 20:54:01] iter=49 (t-ops sampler)
  node0/us-east-1 TELEMETRY tip=300 final=296 stall=4 age_s=317 diff=2033 peers=6 mempool=0 epoch=0 regime=Final
  node1/eu-west-1 TELEMETRY tip=301 final=296 stall=5 age_s=368 diff=2050 peers=6 mempool=0 epoch=0 regime=Final
  node2/ap-southeast-1 TELEMETRY tip=301 final=296 stall=5 age_s=368 diff=2050 peers=6 mempool=0 epoch=0 regime=Final
  node3/ap-northeast-1 TELEMETRY tip=297 final=296 stall=1 age_s=59 diff=2059 peers=6 mempool=0 epoch=0 regime=Final
[2026-07-26 20:54:01] ⚠️  tip spread 297..301 (>3 blocks — watch for a fork)
[2026-07-26 20:59:16] iter=50 (t-ops sampler)
  node0/us-east-1 TELEMETRY tip=304 final=296 stall=8 age_s=627 diff=2048 peers=6 mempool=0 epoch=0 regime=Final
  node1/eu-west-1 TELEMETRY tip=303 final=296 stall=7 age_s=544 diff=2056 peers=6 mempool=0 epoch=0 regime=Final
  node2/ap-southeast-1 TELEMETRY tip=304 final=296 stall=8 age_s=627 diff=2048 peers=6 mempool=0 epoch=0 regime=Final
  node3/ap-northeast-1 TELEMETRY tip=304 final=296 stall=8 age_s=627 diff=2048 peers=6 mempool=0 epoch=0 regime=Final
[2026-07-26 21:04:31] iter=51 (t-ops sampler)
  node0/us-east-1 TELEMETRY tip=308 final=304 stall=4 age_s=348 diff=2007 peers=6 mempool=0 epoch=0 regime=Final
  node1/eu-west-1 TELEMETRY tip=308 final=304 stall=4 age_s=342 diff=2007 peers=6 mempool=0 epoch=0 regime=Final
  node2/ap-southeast-1 TELEMETRY tip=308 final=304 stall=4 age_s=342 diff=2007 peers=6 mempool=0 epoch=0 regime=Final
  node3/ap-northeast-1 TELEMETRY tip=308 final=304 stall=4 age_s=342 diff=2007 peers=6 mempool=0 epoch=0 regime=Final
[2026-07-26 21:09:40] iter=52 (t-ops sampler)
  node0/us-east-1 TELEMETRY tip=313 final=304 stall=9 age_s=676 diff=2035 peers=6 mempool=0 epoch=0 regime=Final
  node1/eu-west-1 TELEMETRY tip=313 final=304 stall=9 age_s=676 diff=2035 peers=6 mempool=0 epoch=0 regime=Final
  node2/ap-southeast-1 TELEMETRY tip=309 final=304 stall=5 age_s=394 diff=2024 peers=6 mempool=0 epoch=0 regime=Final
  node3/ap-northeast-1 TELEMETRY tip=313 final=304 stall=9 age_s=676 diff=2035 peers=6 mempool=0 epoch=0 regime=Final
[2026-07-26 21:09:40] ⚠️  tip spread 309..313 (>3 blocks — watch for a fork)
[2026-07-26 21:14:51] iter=53 (t-ops sampler)
  node0/us-east-1 TELEMETRY tip=317 final=312 stall=5 age_s=335 diff=2042 peers=6 mempool=0 epoch=0 regime=Final
  node1/eu-west-1 TELEMETRY tip=316 final=312 stall=4 age_s=285 diff=2021 peers=6 mempool=0 epoch=0 regime=Final
  node2/ap-southeast-1 TELEMETRY tip=317 final=312 stall=5 age_s=335 diff=2042 peers=6 mempool=0 epoch=0 regime=Final
  node3/ap-northeast-1 TELEMETRY tip=316 final=312 stall=4 age_s=285 diff=2021 peers=6 mempool=0 epoch=0 regime=Final
[2026-07-26 21:20:04] iter=54 (t-ops sampler)
  node0/us-east-1 TELEMETRY tip=321 final=312 stall=9 age_s=690 diff=2016 peers=6 mempool=0 epoch=0 regime=Final
  node1/eu-west-1 TELEMETRY tip=320 final=312 stall=8 age_s=623 diff=2025 peers=6 mempool=0 epoch=0 regime=Final
  node2/ap-southeast-1 TELEMETRY tip=321 final=312 stall=9 age_s=690 diff=2016 peers=6 mempool=0 epoch=0 regime=Final
  node3/ap-northeast-1 TELEMETRY tip=319 final=312 stall=7 age_s=548 diff=2065 peers=6 mempool=0 epoch=0 regime=Final
[2026-07-26 21:25:16] iter=55 (t-ops sampler)
  node0/us-east-1 TELEMETRY tip=326 final=312 stall=14 age_s=904 diff=2097 peers=6 mempool=0 epoch=0 regime=Final
  node1/eu-west-1 TELEMETRY tip=326 final=312 stall=14 age_s=912 diff=2097 peers=6 mempool=0 epoch=0 regime=Final
  node2/ap-southeast-1 TELEMETRY tip=326 final=312 stall=14 age_s=904 diff=2097 peers=6 mempool=0 epoch=0 regime=Final
  node3/ap-northeast-1 TELEMETRY tip=327 final=312 stall=15 age_s=995 diff=2106 peers=6 mempool=0 epoch=0 regime=Final
[2026-07-26 21:30:26] iter=56 (t-ops sampler)
  node0/us-east-1 TELEMETRY tip=331 final=328 stall=3 age_s=192 diff=2074 peers=6 mempool=0 epoch=0 regime=Final
  node1/eu-west-1 TELEMETRY tip=331 final=328 stall=3 age_s=192 diff=2074 peers=6 mempool=0 epoch=0 regime=Final
  node2/ap-southeast-1 TELEMETRY tip=329 final=312 stall=17 age_s=1155 diff=2066 peers=6 mempool=0 epoch=0 regime=Degraded
  node3/ap-northeast-1 TELEMETRY tip=331 final=328 stall=3 age_s=192 diff=2074 peers=6 mempool=0 epoch=0 regime=Final
[2026-07-26 21:35:35] iter=57 (t-ops sampler)
  node0/us-east-1 TELEMETRY tip=333 final=328 stall=5 age_s=352 diff=2093 peers=6 mempool=0 epoch=0 regime=Final
  node1/eu-west-1 TELEMETRY tip=333 final=328 stall=5 age_s=385 diff=2093 peers=6 mempool=0 epoch=0 regime=Final
  node2/ap-southeast-1 TELEMETRY tip=333 final=328 stall=5 age_s=385 diff=2093 peers=6 mempool=0 epoch=0 regime=Final
  node3/ap-northeast-1 TELEMETRY tip=333 final=328 stall=5 age_s=385 diff=2093 peers=6 mempool=0 epoch=0 regime=Final
[2026-07-26 21:40:46] iter=58 (t-ops sampler)
  node0/us-east-1 TELEMETRY tip=334 final=328 stall=6 age_s=541 diff=2078 peers=6 mempool=0 epoch=0 regime=Final
  node1/eu-west-1 TELEMETRY tip=337 final=328 stall=9 age_s=805 diff=1993 peers=6 mempool=0 epoch=0 regime=Final
  node2/ap-southeast-1 TELEMETRY tip=337 final=328 stall=9 age_s=805 diff=1993 peers=6 mempool=0 epoch=0 regime=Final
  node3/ap-northeast-1 TELEMETRY tip=335 final=328 stall=7 age_s=629 diff=2027 peers=6 mempool=0 epoch=0 regime=Final
[2026-07-26 21:45:56] iter=59 (t-ops sampler)
  node0/us-east-1 TELEMETRY tip=343 final=336 stall=7 age_s=348 diff=2055 peers=6 mempool=0 epoch=0 regime=Final
  node1/eu-west-1 TELEMETRY tip=339 final=336 stall=3 age_s=189 diff=2014 peers=6 mempool=0 epoch=0 regime=Final
  node2/ap-southeast-1 TELEMETRY tip=343 final=336 stall=7 age_s=348 diff=2055 peers=6 mempool=0 epoch=0 regime=Final
  node3/ap-northeast-1 TELEMETRY tip=343 final=336 stall=7 age_s=348 diff=2055 peers=6 mempool=0 epoch=0 regime=Final
[2026-07-26 21:45:56] ⚠️  tip spread 339..343 (>3 blocks — watch for a fork)
[2026-07-26 21:51:06] iter=60 (t-ops sampler)
  node0/us-east-1 TELEMETRY tip=347 final=336 stall=11 age_s=566 diff=2102 peers=6 mempool=0 epoch=0 regime=Final
  node1/eu-west-1 TELEMETRY tip=347 final=336 stall=11 age_s=566 diff=2102 peers=6 mempool=0 epoch=0 regime=Final
  node2/ap-southeast-1 TELEMETRY tip=347 final=336 stall=11 age_s=566 diff=2102 peers=6 mempool=0 epoch=0 regime=Final
  node3/ap-northeast-1 TELEMETRY tip=348 final=336 stall=12 age_s=606 diff=2114 peers=6 mempool=0 epoch=0 regime=Final
[2026-07-26 21:56:15] iter=61 (t-ops sampler)
  node0/us-east-1 TELEMETRY tip=349 final=336 stall=13 age_s=745 diff=2131 peers=6 mempool=0 epoch=0 regime=Final
  node1/eu-west-1 TELEMETRY tip=351 final=336 stall=15 age_s=978 diff=2087 peers=6 mempool=0 epoch=0 regime=Final
  node2/ap-southeast-1 TELEMETRY tip=350 final=336 stall=14 age_s=846 diff=2100 peers=6 mempool=0 epoch=0 regime=Final
  node3/ap-northeast-1 TELEMETRY tip=349 final=336 stall=13 age_s=799 diff=2133 peers=6 mempool=0 epoch=0 regime=Final
[2026-07-26 22:01:25] iter=62 (t-ops sampler)
  node0/us-east-1 TELEMETRY tip=353 final=336 stall=17 age_s=1248 diff=2009 peers=6 mempool=0 epoch=0 regime=Degraded
  node1/eu-west-1 TELEMETRY tip=351 final=336 stall=15 age_s=978 diff=2087 peers=6 mempool=0 epoch=0 regime=Final
  node2/ap-southeast-1 TELEMETRY tip=353 final=336 stall=17 age_s=1248 diff=2009 peers=6 mempool=0 epoch=0 regime=Degraded
  node3/ap-northeast-1 TELEMETRY tip=352 final=336 stall=16 age_s=1164 diff=2090 peers=6 mempool=0 epoch=0 regime=Final
[2026-07-26 22:06:34] iter=63 (t-ops sampler)
  node0/us-east-1 TELEMETRY tip=355 final=336 stall=19 age_s=1415 diff=2014 peers=6 mempool=0 epoch=0 regime=Degraded
  node1/eu-west-1 TELEMETRY tip=356 final=336 stall=20 age_s=1572 diff=1997 peers=6 mempool=0 epoch=0 regime=Degraded
  node2/ap-southeast-1 TELEMETRY tip=353 final=336 stall=17 age_s=1248 diff=2009 peers=6 mempool=0 epoch=0 regime=Degraded
  node3/ap-northeast-1 TELEMETRY tip=356 final=336 stall=20 age_s=1540 diff=1997 peers=6 mempool=0 epoch=0 regime=Degraded
[2026-07-26 22:11:47] iter=64 (t-ops sampler)
  node0/us-east-1 TELEMETRY tip=361 final=336 stall=25 age_s=1860 diff=1981 peers=6 mempool=0 epoch=0 regime=Degraded
  node1/eu-west-1 TELEMETRY tip=359 final=336 stall=23 age_s=1789 diff=1961 peers=6 mempool=0 epoch=0 regime=Degraded
  node2/ap-southeast-1 TELEMETRY tip=362 final=360 stall=2 age_s=47 diff=2000 peers=6 mempool=0 epoch=0 regime=Final
  node3/ap-northeast-1 TELEMETRY tip=362 final=360 stall=2 age_s=47 diff=2000 peers=6 mempool=0 epoch=0 regime=Final
[2026-07-26 22:17:01] iter=65 (t-ops sampler)
  node0/us-east-1 TELEMETRY tip=366 final=360 stall=6 age_s=388 diff=2008 peers=6 mempool=0 epoch=0 regime=Final
  node1/eu-west-1 TELEMETRY tip=365 final=360 stall=5 age_s=314 diff=2017 peers=6 mempool=0 epoch=0 regime=Final
  node2/ap-southeast-1 TELEMETRY tip=365 final=360 stall=5 age_s=314 diff=2017 peers=6 mempool=0 epoch=0 regime=Final
  node3/ap-northeast-1 TELEMETRY tip=362 final=360 stall=2 age_s=47 diff=2000 peers=6 mempool=0 epoch=0 regime=Final
[2026-07-26 22:17:01] ⚠️  tip spread 362..366 (>3 blocks — watch for a fork)
[2026-07-26 22:22:12] iter=66 (t-ops sampler)
  node0/us-east-1 TELEMETRY tip=368 final=360 stall=8 age_s=525 diff=2024 peers=6 mempool=0 epoch=0 regime=Final
  node1/eu-west-1 TELEMETRY tip=368 final=360 stall=8 age_s=588 diff=2024 peers=6 mempool=0 epoch=0 regime=Final
  node2/ap-southeast-1 TELEMETRY tip=368 final=360 stall=8 age_s=525 diff=2024 peers=6 mempool=0 epoch=0 regime=Final
  node3/ap-northeast-1 TELEMETRY tip=369 final=360 stall=9 age_s=664 diff=2014 peers=6 mempool=0 epoch=0 regime=Final
[2026-07-26 22:27:22] iter=67 (t-ops sampler)
  node0/us-east-1 TELEMETRY tip=372 final=368 stall=4 age_s=394 diff=1951 peers=6 mempool=0 epoch=0 regime=Final
  node1/eu-west-1 TELEMETRY tip=373 final=368 stall=5 age_s=462 diff=1971 peers=6 mempool=0 epoch=0 regime=Final
  node2/ap-southeast-1 TELEMETRY tip=372 final=368 stall=4 age_s=398 diff=1951 peers=6 mempool=0 epoch=0 regime=Final
  node3/ap-northeast-1 TELEMETRY tip=372 final=368 stall=4 age_s=398 diff=1951 peers=6 mempool=0 epoch=0 regime=Final
[2026-07-26 22:32:32] iter=68 (t-ops sampler)
  node0/us-east-1 TELEMETRY tip=375 final=368 stall=7 age_s=716 diff=1948 peers=6 mempool=0 epoch=0 regime=Final
  node1/eu-west-1 TELEMETRY tip=375 final=368 stall=7 age_s=754 diff=1948 peers=6 mempool=0 epoch=0 regime=Final
  node2/ap-southeast-1 TELEMETRY tip=375 final=368 stall=7 age_s=716 diff=1948 peers=6 mempool=0 epoch=0 regime=Final
  node3/ap-northeast-1 TELEMETRY tip=375 final=368 stall=7 age_s=754 diff=1948 peers=6 mempool=0 epoch=0 regime=Final
[2026-07-26 22:37:44] iter=69 (t-ops sampler)
  node0/us-east-1 TELEMETRY tip=378 final=368 stall=10 age_s=1023 diff=1886 peers=6 mempool=0 epoch=0 regime=Final
  node1/eu-west-1 TELEMETRY tip=378 final=368 stall=10 age_s=1023 diff=1886 peers=6 mempool=0 epoch=0 regime=Final
  node2/ap-southeast-1 TELEMETRY tip=378 final=368 stall=10 age_s=1023 diff=1886 peers=6 mempool=0 epoch=0 regime=Final
  node3/ap-northeast-1 TELEMETRY tip=378 final=368 stall=10 age_s=1023 diff=1886 peers=6 mempool=0 epoch=0 regime=Final
[2026-07-26 22:42:55] iter=70 (t-ops sampler)
  node0/us-east-1 TELEMETRY tip=386 final=384 stall=2 age_s=60 diff=1962 peers=6 mempool=0 epoch=0 regime=Final
  node1/eu-west-1 TELEMETRY tip=386 final=384 stall=2 age_s=60 diff=1962 peers=6 mempool=0 epoch=0 regime=Final
  node2/ap-southeast-1 TELEMETRY tip=386 final=384 stall=2 age_s=60 diff=1962 peers=6 mempool=0 epoch=0 regime=Final
  node3/ap-northeast-1 TELEMETRY tip=386 final=384 stall=2 age_s=60 diff=1962 peers=6 mempool=0 epoch=0 regime=Final
[2026-07-26 22:48:09] iter=71 (t-ops sampler)
  node0/us-east-1 TELEMETRY tip=391 final=384 stall=7 age_s=372 diff=2029 peers=6 mempool=0 epoch=0 regime=Final
  node1/eu-west-1 TELEMETRY tip=389 final=384 stall=5 age_s=213 diff=2008 peers=6 mempool=0 epoch=0 regime=Final
  node2/ap-southeast-1 TELEMETRY tip=391 final=384 stall=7 age_s=372 diff=2029 peers=6 mempool=0 epoch=0 regime=Final
  node3/ap-northeast-1 TELEMETRY tip=389 final=384 stall=5 age_s=213 diff=2008 peers=6 mempool=0 epoch=0 regime=Final
[2026-07-26 22:53:19] iter=72 (t-ops sampler)
  node0/us-east-1 TELEMETRY tip=396 final=392 stall=4 age_s=218 diff=2032 peers=6 mempool=0 epoch=0 regime=Final
  node1/eu-west-1 TELEMETRY tip=396 final=392 stall=4 age_s=284 diff=2032 peers=6 mempool=0 epoch=0 regime=Final
  node2/ap-southeast-1 TELEMETRY tip=396 final=392 stall=4 age_s=251 diff=2032 peers=6 mempool=0 epoch=0 regime=Final
  node3/ap-northeast-1 TELEMETRY tip=395 final=392 stall=3 age_s=197 diff=2055 peers=6 mempool=0 epoch=0 regime=Final
[2026-07-26 22:58:31] iter=73 (t-ops sampler)
  node0/us-east-1 TELEMETRY tip=399 final=392 stall=7 age_s=443 diff=2061 peers=6 mempool=0 epoch=0 regime=Final
  node1/eu-west-1 TELEMETRY tip=399 final=392 stall=7 age_s=443 diff=2061 peers=6 mempool=0 epoch=0 regime=Final
  node2/ap-southeast-1 TELEMETRY tip=400 final=392 stall=8 age_s=555 diff=2057 peers=6 mempool=0 epoch=0 regime=Final
  node3/ap-northeast-1 TELEMETRY tip=398 final=392 stall=6 age_s=360 diff=2060 peers=6 mempool=0 epoch=0 regime=Final
[2026-07-26 23:03:42] iter=74 (t-ops sampler)
  node0/us-east-1 TELEMETRY tip=403 final=392 stall=11 age_s=811 diff=2027 peers=6 mempool=0 epoch=0 regime=Final
  node1/eu-west-1 TELEMETRY tip=403 final=392 stall=11 age_s=786 diff=2027 peers=6 mempool=0 epoch=0 regime=Final
  node2/ap-southeast-1 TELEMETRY tip=402 final=392 stall=10 age_s=733 diff=2032 peers=6 mempool=0 epoch=0 regime=Final
  node3/ap-northeast-1 TELEMETRY tip=398 final=392 stall=6 age_s=360 diff=2060 peers=6 mempool=0 epoch=0 regime=Final
[2026-07-26 23:03:42] ⚠️  tip spread 398..403 (>3 blocks — watch for a fork)
[2026-07-26 23:08:54] iter=75 (t-ops sampler)
  node0/us-east-1 TELEMETRY tip=406 final=392 stall=14 age_s=1146 diff=2016 peers=6 mempool=0 epoch=0 regime=Final
  node1/eu-west-1 TELEMETRY tip=406 final=392 stall=14 age_s=1146 diff=2016 peers=6 mempool=0 epoch=0 regime=Final
  node2/ap-southeast-1 TELEMETRY tip=406 final=392 stall=14 age_s=1146 diff=2016 peers=6 mempool=0 epoch=0 regime=Final
  node3/ap-northeast-1 TELEMETRY tip=406 final=392 stall=14 age_s=1151 diff=2003 peers=6 mempool=0 epoch=0 regime=Final
[2026-07-26 23:14:03] iter=76 (t-ops sampler)
  node0/us-east-1 TELEMETRY tip=410 final=392 stall=18 age_s=1510 diff=1960 peers=6 mempool=0 epoch=0 regime=Degraded
  node1/eu-west-1 TELEMETRY tip=408 final=392 stall=16 age_s=1284 diff=1971 peers=6 mempool=0 epoch=0 regime=Final
  node2/ap-southeast-1 TELEMETRY tip=408 final=392 stall=16 age_s=1347 diff=1971 peers=6 mempool=0 epoch=0 regime=Final
  node3/ap-northeast-1 TELEMETRY tip=410 final=392 stall=18 age_s=1510 diff=1960 peers=6 mempool=0 epoch=0 regime=Degraded
[2026-07-26 23:19:14] iter=77 (t-ops sampler)
  node0/us-east-1 TELEMETRY tip=414 final=392 stall=22 age_s=1778 diff=1989 peers=6 mempool=0 epoch=0 regime=Degraded
  node1/eu-west-1 TELEMETRY tip=414 final=392 stall=22 age_s=1773 diff=1989 peers=6 mempool=0 epoch=0 regime=Degraded
  node2/ap-southeast-1 TELEMETRY tip=408 final=392 stall=16 age_s=1347 diff=1971 peers=6 mempool=0 epoch=0 regime=Final
  node3/ap-northeast-1 TELEMETRY tip=414 final=392 stall=22 age_s=1713 diff=1989 peers=6 mempool=0 epoch=0 regime=Degraded
[2026-07-26 23:19:14] ⚠️  tip spread 408..414 (>3 blocks — watch for a fork)
[2026-07-26 23:24:24] iter=78 (t-ops sampler)
  node0/us-east-1 TELEMETRY tip=418 final=416 stall=2 age_s=169 diff=1971 peers=6 mempool=0 epoch=0 regime=Final
  node1/eu-west-1 TELEMETRY tip=417 final=392 stall=25 age_s=1970 diff=1973 peers=6 mempool=0 epoch=0 regime=Degraded
  node2/ap-southeast-1 TELEMETRY tip=418 final=416 stall=2 age_s=170 diff=1971 peers=6 mempool=0 epoch=0 regime=Final
  node3/ap-northeast-1 TELEMETRY tip=417 final=392 stall=25 age_s=1987 diff=1973 peers=6 mempool=0 epoch=0 regime=Degraded
[2026-07-26 23:29:36] iter=79 (t-ops sampler)
  node0/us-east-1 TELEMETRY tip=421 final=416 stall=5 age_s=523 diff=1940 peers=6 mempool=0 epoch=0 regime=Final
  node1/eu-west-1 TELEMETRY tip=421 final=416 stall=5 age_s=519 diff=1940 peers=6 mempool=0 epoch=0 regime=Final
  node2/ap-southeast-1 TELEMETRY tip=420 final=416 stall=4 age_s=381 diff=1954 peers=6 mempool=0 epoch=0 regime=Final
  node3/ap-northeast-1 TELEMETRY tip=421 final=416 stall=5 age_s=523 diff=1940 peers=6 mempool=0 epoch=0 regime=Final
[2026-07-26 23:34:49] iter=80 (t-ops sampler)
  node0/us-east-1 TELEMETRY tip=423 final=416 stall=7 age_s=694 diff=1906 peers=6 mempool=0 epoch=0 regime=Final
  node1/eu-west-1 TELEMETRY tip=423 final=416 stall=7 age_s=691 diff=1906 peers=6 mempool=0 epoch=0 regime=Final
  node2/ap-southeast-1 TELEMETRY tip=425 final=416 stall=9 age_s=797 diff=1906 peers=6 mempool=0 epoch=0 regime=Final
  node3/ap-northeast-1 TELEMETRY tip=425 final=416 stall=9 age_s=863 diff=1906 peers=6 mempool=0 epoch=0 regime=Final
[2026-07-26 23:40:00] iter=81 (t-ops sampler)
  node0/us-east-1 TELEMETRY tip=427 final=424 stall=3 age_s=252 diff=1895 peers=6 mempool=0 epoch=0 regime=Final
  node1/eu-west-1 TELEMETRY tip=428 final=424 stall=4 age_s=295 diff=1895 peers=6 mempool=0 epoch=0 regime=Final
  node2/ap-southeast-1 TELEMETRY tip=428 final=424 stall=4 age_s=367 diff=1883 peers=6 mempool=0 epoch=0 regime=Final
  node3/ap-northeast-1 TELEMETRY tip=428 final=424 stall=4 age_s=367 diff=1883 peers=6 mempool=0 epoch=0 regime=Final
[2026-07-26 23:45:13] iter=82 (t-ops sampler)
  node0/us-east-1 TELEMETRY tip=430 final=424 stall=6 age_s=583 diff=1860 peers=6 mempool=0 epoch=0 regime=Final
  node1/eu-west-1 TELEMETRY tip=429 final=424 stall=5 age_s=492 diff=1908 peers=6 mempool=0 epoch=0 regime=Final
  node2/ap-southeast-1 TELEMETRY tip=430 final=424 stall=6 age_s=583 diff=1860 peers=6 mempool=0 epoch=0 regime=Final
  node3/ap-northeast-1 TELEMETRY tip=430 final=424 stall=6 age_s=583 diff=1860 peers=6 mempool=0 epoch=0 regime=Final
[2026-07-26 23:50:24] iter=83 (t-ops sampler)
  node0/us-east-1 TELEMETRY tip=433 final=424 stall=9 age_s=984 diff=1800 peers=6 mempool=0 epoch=0 regime=Final
  node1/eu-west-1 TELEMETRY tip=433 final=424 stall=9 age_s=984 diff=1800 peers=6 mempool=0 epoch=0 regime=Final
  node2/ap-southeast-1 TELEMETRY tip=433 final=424 stall=9 age_s=989 diff=1800 peers=6 mempool=0 epoch=0 regime=Final
  node3/ap-northeast-1 TELEMETRY tip=433 final=424 stall=9 age_s=984 diff=1800 peers=6 mempool=0 epoch=0 regime=Final
[2026-07-26 23:55:34] iter=84 (t-ops sampler)
  node0/us-east-1 TELEMETRY tip=439 final=424 stall=15 age_s=1270 diff=1835 peers=6 mempool=0 epoch=0 regime=Final
  node1/eu-west-1 TELEMETRY tip=439 final=424 stall=15 age_s=1270 diff=1835 peers=6 mempool=0 epoch=0 regime=Final
  node2/ap-southeast-1 TELEMETRY tip=437 final=424 stall=13 age_s=1155 diff=1827 peers=6 mempool=0 epoch=0 regime=Final
  node3/ap-northeast-1 TELEMETRY tip=439 final=424 stall=15 age_s=1270 diff=1835 peers=6 mempool=0 epoch=0 regime=Final
[2026-07-27 00:00:43] iter=85 (t-ops sampler)
  node0/us-east-1 TELEMETRY tip=444 final=440 stall=4 age_s=276 diff=1847 peers=6 mempool=0 epoch=0 regime=Final
  node1/eu-west-1 TELEMETRY tip=444 final=440 stall=4 age_s=276 diff=1847 peers=6 mempool=0 epoch=0 regime=Final
  node2/ap-southeast-1 TELEMETRY tip=444 final=440 stall=4 age_s=276 diff=1847 peers=6 mempool=0 epoch=0 regime=Final
  node3/ap-northeast-1 TELEMETRY tip=444 final=440 stall=4 age_s=276 diff=1847 peers=6 mempool=0 epoch=0 regime=Final
[2026-07-27 00:05:57] iter=86 (t-ops sampler)
  node0/us-east-1 TELEMETRY tip=447 final=440 stall=7 age_s=517 diff=1849 peers=6 mempool=0 epoch=0 regime=Final
  node1/eu-west-1 TELEMETRY tip=447 final=440 stall=7 age_s=517 diff=1849 peers=6 mempool=0 epoch=0 regime=Final
  node2/ap-southeast-1 TELEMETRY tip=447 final=440 stall=7 age_s=517 diff=1849 peers=6 mempool=0 epoch=0 regime=Final
  node3/ap-northeast-1 TELEMETRY tip=447 final=440 stall=7 age_s=588 diff=1849 peers=6 mempool=0 epoch=0 regime=Final
[2026-07-27 00:11:09] iter=87 (t-ops sampler)
  node0/us-east-1 TELEMETRY tip=448 final=440 stall=8 age_s=625 diff=1857 peers=6 mempool=0 epoch=0 regime=Final
  node1/eu-west-1 TELEMETRY tip=450 final=440 stall=10 age_s=912 diff=1832 peers=6 mempool=0 epoch=0 regime=Final
  node2/ap-southeast-1 TELEMETRY tip=449 final=440 stall=9 age_s=731 diff=1844 peers=6 mempool=0 epoch=0 regime=Final
  node3/ap-northeast-1 TELEMETRY tip=449 final=440 stall=9 age_s=731 diff=1844 peers=6 mempool=0 epoch=0 regime=Final
[2026-07-27 00:16:20] iter=88 (t-ops sampler)
  node0/us-east-1 TELEMETRY tip=454 final=440 stall=14 age_s=1197 diff=1775 peers=6 mempool=0 epoch=0 regime=Final
  node1/eu-west-1 TELEMETRY tip=454 final=440 stall=14 age_s=1197 diff=1775 peers=6 mempool=0 epoch=0 regime=Final
  node2/ap-southeast-1 TELEMETRY tip=454 final=440 stall=14 age_s=1197 diff=1775 peers=6 mempool=0 epoch=0 regime=Final
  node3/ap-northeast-1 TELEMETRY tip=452 final=440 stall=12 age_s=1079 diff=1786 peers=6 mempool=0 epoch=0 regime=Final
[2026-07-27 00:21:30] iter=89 (t-ops sampler)
  node0/us-east-1 TELEMETRY tip=458 final=456 stall=2 age_s=56 diff=1804 peers=6 mempool=0 epoch=0 regime=Final
  node1/eu-west-1 TELEMETRY tip=458 final=440 stall=18 age_s=1482 diff=1804 peers=6 mempool=0 epoch=0 regime=Degraded
  node2/ap-southeast-1 TELEMETRY tip=458 final=456 stall=2 age_s=80 diff=1804 peers=6 mempool=0 epoch=0 regime=Final
  node3/ap-northeast-1 TELEMETRY tip=457 final=440 stall=17 age_s=1407 diff=1791 peers=6 mempool=0 epoch=0 regime=Degraded
[2026-07-27 00:26:40] iter=90 (t-ops sampler)
  node0/us-east-1 TELEMETRY tip=462 final=456 stall=6 age_s=445 diff=1802 peers=6 mempool=0 epoch=0 regime=Final
  node1/eu-west-1 TELEMETRY tip=463 final=456 stall=7 age_s=491 diff=1792 peers=6 mempool=0 epoch=0 regime=Final
  node2/ap-southeast-1 TELEMETRY tip=462 final=456 stall=6 age_s=445 diff=1802 peers=6 mempool=0 epoch=0 regime=Final
  node3/ap-northeast-1 TELEMETRY tip=462 final=456 stall=6 age_s=445 diff=1802 peers=6 mempool=0 epoch=0 regime=Final
[2026-07-27 00:31:50] iter=91 (t-ops sampler)
  node0/us-east-1 TELEMETRY tip=470 final=464 stall=6 age_s=264 diff=1876 peers=6 mempool=0 epoch=0 regime=Final
  node1/eu-west-1 TELEMETRY tip=470 final=464 stall=6 age_s=267 diff=1876 peers=6 mempool=0 epoch=0 regime=Final
  node2/ap-southeast-1 TELEMETRY tip=470 final=464 stall=6 age_s=259 diff=1876 peers=6 mempool=0 epoch=0 regime=Final
  node3/ap-northeast-1 TELEMETRY tip=470 final=464 stall=6 age_s=264 diff=1876 peers=6 mempool=0 epoch=0 regime=Final
[2026-07-27 00:37:06] iter=92 (t-ops sampler)
  node0/us-east-1 TELEMETRY tip=475 final=464 stall=11 age_s=592 diff=1888 peers=6 mempool=0 epoch=0 regime=Final
  node1/eu-west-1 TELEMETRY tip=475 final=464 stall=11 age_s=592 diff=1888 peers=6 mempool=0 epoch=0 regime=Final
  node2/ap-southeast-1 TELEMETRY tip=475 final=464 stall=11 age_s=592 diff=1888 peers=6 mempool=0 epoch=0 regime=Final
  node3/ap-northeast-1 TELEMETRY tip=473 final=464 stall=9 age_s=503 diff=1911 peers=6 mempool=0 epoch=0 regime=Final
[2026-07-27 00:42:16] iter=93 (t-ops sampler)
  node0/us-east-1 TELEMETRY tip=479 final=464 stall=15 age_s=776 diff=1942 peers=6 mempool=0 epoch=0 regime=Final
  node1/eu-west-1 TELEMETRY tip=480 final=464 stall=16 age_s=861 diff=1959 peers=6 mempool=0 epoch=0 regime=Final
  node2/ap-southeast-1 TELEMETRY tip=480 final=464 stall=16 age_s=861 diff=1959 peers=6 mempool=0 epoch=0 regime=Final
  node3/ap-northeast-1 TELEMETRY tip=480 final=464 stall=16 age_s=861 diff=1959 peers=6 mempool=0 epoch=0 regime=Final
[2026-07-27 00:47:25] iter=94 (t-ops sampler)
  node0/us-east-1 TELEMETRY tip=485 final=480 stall=5 age_s=321 diff=1965 peers=6 mempool=0 epoch=0 regime=Final
  node1/eu-west-1 TELEMETRY tip=484 final=464 stall=20 age_s=1139 diff=1956 peers=6 mempool=0 epoch=0 regime=Degraded
  node2/ap-southeast-1 TELEMETRY tip=486 final=480 stall=6 age_s=366 diff=1979 peers=6 mempool=0 epoch=0 regime=Final
  node3/ap-northeast-1 TELEMETRY tip=486 final=480 stall=6 age_s=366 diff=1979 peers=6 mempool=0 epoch=0 regime=Final
[2026-07-27 00:52:40] iter=95 (t-ops sampler)
  node0/us-east-1 TELEMETRY tip=488 final=480 stall=8 age_s=599 diff=1992 peers=6 mempool=0 epoch=0 regime=Final
  node1/eu-west-1 TELEMETRY tip=488 final=480 stall=8 age_s=599 diff=1992 peers=6 mempool=0 epoch=0 regime=Final
  node2/ap-southeast-1 TELEMETRY tip=488 final=480 stall=8 age_s=599 diff=1992 peers=6 mempool=0 epoch=0 regime=Final
  node3/ap-northeast-1 TELEMETRY tip=488 final=480 stall=8 age_s=599 diff=1992 peers=6 mempool=0 epoch=0 regime=Final
[2026-07-27 00:57:55] iter=96 (t-ops sampler)
  node0/us-east-1 TELEMETRY tip=492 final=488 stall=4 age_s=277 diff=1957 peers=6 mempool=0 epoch=0 regime=Final
  node1/eu-west-1 TELEMETRY tip=492 final=488 stall=4 age_s=277 diff=1957 peers=6 mempool=0 epoch=0 regime=Final
  node2/ap-southeast-1 TELEMETRY tip=493 final=488 stall=5 age_s=305 diff=1966 peers=6 mempool=0 epoch=0 regime=Final
  node3/ap-northeast-1 TELEMETRY tip=491 final=488 stall=3 age_s=224 diff=1959 peers=6 mempool=0 epoch=0 regime=Final
[2026-07-27 01:03:05] iter=97 (t-ops sampler)
  node0/us-east-1 TELEMETRY tip=495 final=488 stall=7 age_s=600 diff=1951 peers=6 mempool=0 epoch=0 regime=Final
  node1/eu-west-1 TELEMETRY tip=494 final=488 stall=6 age_s=463 diff=1988 peers=6 mempool=0 epoch=0 regime=Final
  node2/ap-southeast-1 TELEMETRY tip=495 final=488 stall=7 age_s=589 diff=1951 peers=6 mempool=0 epoch=0 regime=Final
  node3/ap-northeast-1 TELEMETRY tip=495 final=488 stall=7 age_s=523 diff=1951 peers=6 mempool=0 epoch=0 regime=Final
[2026-07-27 01:08:19] iter=98 (t-ops sampler)
  node0/us-east-1 TELEMETRY tip=497 final=488 stall=9 age_s=803 diff=1891 peers=6 mempool=0 epoch=0 regime=Final
  node1/eu-west-1 TELEMETRY tip=499 final=488 stall=11 age_s=963 diff=1883 peers=6 mempool=0 epoch=0 regime=Final
  node2/ap-southeast-1 TELEMETRY tip=500 final=488 stall=12 age_s=1013 diff=1898 peers=6 mempool=0 epoch=0 regime=Final
  node3/ap-northeast-1 TELEMETRY tip=500 final=488 stall=12 age_s=1013 diff=1898 peers=6 mempool=0 epoch=0 regime=Final
[2026-07-27 01:13:28] iter=99 (t-ops sampler)
  node0/us-east-1 TELEMETRY tip=503 final=496 stall=7 age_s=435 diff=1937 peers=6 mempool=0 epoch=0 regime=Final
  node1/eu-west-1 TELEMETRY tip=504 final=496 stall=8 age_s=468 diff=1929 peers=6 mempool=0 epoch=0 regime=Final
  node2/ap-southeast-1 TELEMETRY tip=504 final=496 stall=8 age_s=468 diff=1929 peers=6 mempool=0 epoch=0 regime=Final
  node3/ap-northeast-1 TELEMETRY tip=504 final=496 stall=8 age_s=468 diff=1929 peers=6 mempool=0 epoch=0 regime=Final
[2026-07-27 01:18:40] iter=100 (t-ops sampler)
  node0/us-east-1 TELEMETRY tip=510 final=504 stall=6 age_s=358 diff=1960 peers=6 mempool=0 epoch=0 regime=Final
  node1/eu-west-1 TELEMETRY tip=511 final=504 stall=7 age_s=395 diff=1988 peers=6 mempool=0 epoch=0 regime=Final
  node2/ap-southeast-1 TELEMETRY tip=509 final=504 stall=5 age_s=345 diff=1941 peers=6 mempool=0 epoch=0 regime=Final
  node3/ap-northeast-1 TELEMETRY tip=510 final=504 stall=6 age_s=358 diff=1960 peers=6 mempool=0 epoch=0 regime=Final
[2026-07-27 01:23:55] iter=101 (t-ops sampler)
  node0/us-east-1 TELEMETRY tip=513 final=512 stall=1 age_s=100 diff=2011 peers=6 mempool=0 epoch=0 regime=Final
  node1/eu-west-1 TELEMETRY tip=514 final=512 stall=2 age_s=240 diff=2004 peers=6 mempool=0 epoch=0 regime=Final
  node2/ap-southeast-1 TELEMETRY tip=514 final=512 stall=2 age_s=240 diff=2004 peers=6 mempool=0 epoch=0 regime=Final
  node3/ap-northeast-1 TELEMETRY tip=514 final=512 stall=2 age_s=240 diff=2004 peers=6 mempool=0 epoch=0 regime=Final
[2026-07-27 01:29:08] iter=102 (t-ops sampler)
  node0/us-east-1 TELEMETRY tip=520 final=512 stall=8 age_s=553 diff=2041 peers=6 mempool=0 epoch=0 regime=Final
  node1/eu-west-1 TELEMETRY tip=520 final=512 stall=8 age_s=553 diff=2041 peers=6 mempool=0 epoch=0 regime=Final
  node2/ap-southeast-1 TELEMETRY tip=520 final=512 stall=8 age_s=569 diff=2040 peers=6 mempool=0 epoch=0 regime=Final
  node3/ap-northeast-1 TELEMETRY tip=519 final=512 stall=7 age_s=464 diff=2023 peers=6 mempool=0 epoch=0 regime=Final
[2026-07-27 01:34:23] iter=103 (t-ops sampler)
  node0/us-east-1 TELEMETRY tip=524 final=512 stall=12 age_s=829 diff=2041 peers=6 mempool=0 epoch=0 regime=Final
  node1/eu-west-1 TELEMETRY tip=524 final=512 stall=12 age_s=854 diff=2041 peers=6 mempool=0 epoch=0 regime=Final
  node2/ap-southeast-1 TELEMETRY tip=524 final=512 stall=12 age_s=829 diff=2041 peers=6 mempool=0 epoch=0 regime=Final
  node3/ap-northeast-1 TELEMETRY tip=524 final=512 stall=12 age_s=783 diff=2041 peers=6 mempool=0 epoch=0 regime=Final
[2026-07-27 01:39:33] iter=104 (t-ops sampler)
  node0/us-east-1 TELEMETRY tip=528 final=512 stall=16 age_s=1084 diff=2070 peers=6 mempool=0 epoch=0 regime=Final
  node1/eu-west-1 TELEMETRY tip=529 final=512 stall=17 age_s=1201 diff=2082 peers=6 mempool=0 epoch=0 regime=Degraded
  node2/ap-southeast-1 TELEMETRY tip=527 final=512 stall=15 age_s=1006 diff=2059 peers=6 mempool=0 epoch=0 regime=Final
  node3/ap-northeast-1 TELEMETRY tip=529 final=512 stall=17 age_s=1201 diff=2082 peers=6 mempool=0 epoch=0 regime=Degraded
[2026-07-27 01:44:43] iter=105 (t-ops sampler)
  node0/us-east-1 TELEMETRY tip=534 final=512 stall=22 age_s=1434 diff=2099 peers=6 mempool=0 epoch=0 regime=Degraded
  node1/eu-west-1 TELEMETRY tip=534 final=512 stall=22 age_s=1434 diff=2099 peers=6 mempool=0 epoch=0 regime=Degraded
  node2/ap-southeast-1 TELEMETRY tip=535 final=512 stall=23 age_s=1526 diff=2119 peers=6 mempool=0 epoch=0 regime=Degraded
  node3/ap-northeast-1 TELEMETRY tip=532 final=512 stall=20 age_s=1350 diff=2084 peers=6 mempool=0 epoch=0 regime=Degraded
[2026-07-27 01:49:56] iter=106 (t-ops sampler)
  node0/us-east-1 TELEMETRY tip=537 final=512 stall=25 age_s=1634 diff=2102 peers=6 mempool=0 epoch=0 regime=Degraded
  node1/eu-west-1 TELEMETRY tip=536 final=512 stall=24 age_s=1619 diff=2111 peers=6 mempool=0 epoch=0 regime=Degraded
  node2/ap-southeast-1 TELEMETRY tip=538 final=512 stall=26 age_s=1843 diff=2101 peers=6 mempool=0 epoch=0 regime=Degraded
  node3/ap-northeast-1 TELEMETRY tip=537 final=512 stall=25 age_s=1634 diff=2102 peers=6 mempool=0 epoch=0 regime=Degraded
[2026-07-27 01:55:07] iter=107 (t-ops sampler)
  node0/us-east-1 TELEMETRY tip=542 final=536 stall=6 age_s=427 diff=2115 peers=6 mempool=0 epoch=0 regime=Final
  node1/eu-west-1 TELEMETRY tip=542 final=536 stall=6 age_s=427 diff=2115 peers=6 mempool=0 epoch=0 regime=Final
  node2/ap-southeast-1 TELEMETRY tip=542 final=536 stall=6 age_s=403 diff=2115 peers=6 mempool=0 epoch=0 regime=Final
  node3/ap-northeast-1 TELEMETRY tip=542 final=536 stall=6 age_s=419 diff=2115 peers=6 mempool=0 epoch=0 regime=Final
[2026-07-27 02:00:16] iter=108 (t-ops sampler)
  node0/us-east-1 TELEMETRY tip=544 final=536 stall=8 age_s=659 diff=2087 peers=6 mempool=0 epoch=0 regime=Final
  node1/eu-west-1 TELEMETRY tip=544 final=536 stall=8 age_s=663 diff=2087 peers=6 mempool=0 epoch=0 regime=Final
  node2/ap-southeast-1 TELEMETRY tip=544 final=536 stall=8 age_s=725 diff=2087 peers=6 mempool=0 epoch=0 regime=Final
  node3/ap-northeast-1 TELEMETRY tip=544 final=536 stall=8 age_s=732 diff=2087 peers=6 mempool=0 epoch=0 regime=Final
[2026-07-27 02:05:27] iter=109 (t-ops sampler)
  node0/us-east-1 TELEMETRY tip=548 final=536 stall=12 age_s=995 diff=2026 peers=6 mempool=0 epoch=0 regime=Final
  node1/eu-west-1 TELEMETRY tip=548 final=536 stall=12 age_s=995 diff=2026 peers=6 mempool=0 epoch=0 regime=Final
  node2/ap-southeast-1 TELEMETRY tip=546 final=536 stall=10 age_s=907 diff=2001 peers=6 mempool=0 epoch=0 regime=Final
  node3/ap-northeast-1 TELEMETRY tip=549 final=536 stall=13 age_s=1066 diff=2056 peers=6 mempool=0 epoch=0 regime=Final
[2026-07-27 02:10:37] iter=110 (t-ops sampler)
  node0/us-east-1 TELEMETRY tip=552 final=536 stall=16 age_s=1414 diff=2024 peers=6 mempool=0 epoch=0 regime=Final
  node1/eu-west-1 TELEMETRY tip=552 final=536 stall=16 age_s=1419 diff=2002 peers=6 mempool=0 epoch=0 regime=Final
  node2/ap-southeast-1 TELEMETRY tip=549 final=536 stall=13 age_s=1066 diff=2056 peers=6 mempool=0 epoch=0 regime=Final
  node3/ap-northeast-1 TELEMETRY tip=552 final=536 stall=16 age_s=1414 diff=2024 peers=6 mempool=0 epoch=0 regime=Final
[2026-07-27 02:15:48] iter=111 (t-ops sampler)
  node0/us-east-1 TELEMETRY tip=557 final=552 stall=5 age_s=291 diff=2035 peers=6 mempool=0 epoch=0 regime=Final
  node1/eu-west-1 TELEMETRY tip=556 final=536 stall=20 age_s=1638 diff=2008 peers=6 mempool=0 epoch=0 regime=Degraded
  node2/ap-southeast-1 TELEMETRY tip=557 final=552 stall=5 age_s=291 diff=2035 peers=6 mempool=0 epoch=0 regime=Final
  node3/ap-northeast-1 TELEMETRY tip=553 final=536 stall=17 age_s=1525 diff=2000 peers=6 mempool=0 epoch=0 regime=Degraded
[2026-07-27 02:15:48] ⚠️  tip spread 553..557 (>3 blocks — watch for a fork)
[2026-07-27 02:20:58] iter=112 (t-ops sampler)
  node0/us-east-1 TELEMETRY tip=562 final=552 stall=10 age_s=651 diff=2038 peers=6 mempool=0 epoch=0 regime=Final
  node1/eu-west-1 TELEMETRY tip=560 final=552 stall=8 age_s=561 diff=2051 peers=6 mempool=0 epoch=0 regime=Final
  node2/ap-southeast-1 TELEMETRY tip=561 final=552 stall=9 age_s=591 diff=2018 peers=6 mempool=0 epoch=0 regime=Final
  node3/ap-northeast-1 TELEMETRY tip=562 final=552 stall=10 age_s=651 diff=2038 peers=6 mempool=0 epoch=0 regime=Final
[2026-07-27 02:26:09] iter=113 (t-ops sampler)
  node0/us-east-1 TELEMETRY tip=568 final=552 stall=16 age_s=914 diff=2104 peers=6 mempool=0 epoch=0 regime=Final
  node1/eu-west-1 TELEMETRY tip=568 final=552 stall=16 age_s=914 diff=2104 peers=6 mempool=0 epoch=0 regime=Final
  node2/ap-southeast-1 TELEMETRY tip=569 final=552 stall=17 age_s=974 diff=2137 peers=6 mempool=0 epoch=0 regime=Degraded
  node3/ap-northeast-1 TELEMETRY tip=568 final=552 stall=16 age_s=914 diff=2104 peers=6 mempool=0 epoch=0 regime=Final
[2026-07-27 02:31:18] iter=114 (t-ops sampler)
  node0/us-east-1 TELEMETRY tip=572 final=568 stall=4 age_s=260 diff=2181 peers=6 mempool=0 epoch=0 regime=Final
  node1/eu-west-1 TELEMETRY tip=572 final=568 stall=4 age_s=217 diff=2181 peers=6 mempool=0 epoch=0 regime=Final
  node2/ap-southeast-1 TELEMETRY tip=572 final=568 stall=4 age_s=260 diff=2181 peers=6 mempool=0 epoch=0 regime=Final
  node3/ap-northeast-1 TELEMETRY tip=572 final=568 stall=4 age_s=250 diff=2181 peers=6 mempool=0 epoch=0 regime=Final
[2026-07-27 02:36:37] iter=115 (t-ops sampler)
  node0/us-east-1 TELEMETRY tip=574 final=568 stall=6 age_s=498 diff=2135 peers=6 mempool=0 epoch=0 regime=Final
  node1/eu-west-1 TELEMETRY tip=574 final=568 stall=6 age_s=487 diff=2135 peers=6 mempool=0 epoch=0 regime=Final
  node2/ap-southeast-1 TELEMETRY tip=574 final=568 stall=6 age_s=545 diff=2135 peers=6 mempool=0 epoch=0 regime=Final
  node3/ap-northeast-1 TELEMETRY tip=574 final=568 stall=6 age_s=582 diff=2135 peers=6 mempool=0 epoch=0 regime=Final
[2026-07-27 02:41:51] iter=116 (t-ops sampler)
  node0/us-east-1 TELEMETRY tip=576 final=568 stall=8 age_s=861 diff=2063 peers=6 mempool=0 epoch=0 regime=Final
  node1/eu-west-1 TELEMETRY tip=576 final=568 stall=8 age_s=873 diff=2063 peers=6 mempool=0 epoch=0 regime=Final
  node2/ap-southeast-1 TELEMETRY tip=576 final=568 stall=8 age_s=857 diff=2063 peers=6 mempool=0 epoch=0 regime=Final
  node3/ap-northeast-1 TELEMETRY tip=577 final=568 stall=9 age_s=980 diff=2006 peers=6 mempool=0 epoch=0 regime=Final
[2026-07-27 02:47:08] iter=117 (t-ops sampler)
  node0/us-east-1 TELEMETRY tip=583 final=568 stall=15 age_s=1296 diff=2036 peers=6 mempool=0 epoch=0 regime=Final
  node1/eu-west-1 TELEMETRY tip=582 final=568 stall=14 age_s=1234 diff=2022 peers=6 mempool=0 epoch=0 regime=Final
  node2/ap-southeast-1 TELEMETRY tip=580 final=568 stall=12 age_s=1145 diff=2007 peers=6 mempool=0 epoch=0 regime=Final
  node3/ap-northeast-1 TELEMETRY tip=583 final=568 stall=15 age_s=1296 diff=2036 peers=6 mempool=0 epoch=0 regime=Final
[2026-07-27 02:52:22] iter=118 (t-ops sampler)
  node0/us-east-1 TELEMETRY tip=584 final=568 stall=16 age_s=1347 diff=2052 peers=6 mempool=0 epoch=0 regime=Final
  node1/eu-west-1 TELEMETRY tip=586 final=568 stall=18 age_s=1596 diff=2016 peers=6 mempool=0 epoch=0 regime=Degraded
  node2/ap-southeast-1 TELEMETRY tip=586 final=568 stall=18 age_s=1596 diff=2016 peers=6 mempool=0 epoch=0 regime=Degraded
  node3/ap-northeast-1 TELEMETRY tip=586 final=568 stall=18 age_s=1596 diff=2016 peers=6 mempool=0 epoch=0 regime=Degraded
[2026-07-27 02:57:33] iter=119 (t-ops sampler)
  node0/us-east-1 TELEMETRY tip=587 final=568 stall=19 age_s=1665 diff=2017 peers=6 mempool=0 epoch=0 regime=Degraded
  node1/eu-west-1 TELEMETRY tip=589 final=568 stall=21 age_s=1819 diff=2005 peers=6 mempool=0 epoch=0 regime=Degraded
  node2/ap-southeast-1 TELEMETRY tip=589 final=568 stall=21 age_s=1878 diff=2005 peers=6 mempool=0 epoch=0 regime=Degraded
  node3/ap-northeast-1 TELEMETRY tip=589 final=568 stall=21 age_s=1878 diff=2005 peers=6 mempool=0 epoch=0 regime=Degraded
[2026-07-27 03:02:44] iter=120 (t-ops sampler)
  node0/us-east-1 TELEMETRY tip=593 final=568 stall=25 age_s=2191 diff=1964 peers=6 mempool=0 epoch=0 regime=Degraded
  node1/eu-west-1 TELEMETRY tip=591 final=568 stall=23 age_s=2039 diff=1994 peers=6 mempool=0 epoch=0 regime=Degraded
  node2/ap-southeast-1 TELEMETRY tip=593 final=568 stall=25 age_s=2191 diff=1964 peers=6 mempool=0 epoch=0 regime=Degraded
  node3/ap-northeast-1 TELEMETRY tip=593 final=568 stall=25 age_s=2191 diff=1964 peers=6 mempool=0 epoch=0 regime=Degraded
[2026-07-27 03:07:55] iter=121 (t-ops sampler)
  node0/us-east-1 TELEMETRY tip=595 final=568 stall=27 age_s=2457 diff=1992 peers=6 mempool=0 epoch=0 regime=Degraded
  node1/eu-west-1 TELEMETRY tip=594 final=568 stall=26 age_s=2270 diff=1986 peers=6 mempool=0 epoch=0 regime=Degraded
  node2/ap-southeast-1 TELEMETRY tip=595 final=568 stall=27 age_s=2390 diff=1985 peers=6 mempool=0 epoch=0 regime=Degraded
  node3/ap-northeast-1 TELEMETRY tip=594 final=568 stall=26 age_s=2285 diff=1986 peers=6 mempool=0 epoch=0 regime=Degraded
[2026-07-27 03:13:05] iter=122 (t-ops sampler)
  node0/us-east-1 TELEMETRY tip=600 final=568 stall=32 age_s=2842 diff=1924 peers=6 mempool=0 epoch=0 regime=Degraded
  node1/eu-west-1 TELEMETRY tip=600 final=568 stall=32 age_s=2842 diff=1924 peers=6 mempool=0 epoch=0 regime=Degraded
  node2/ap-southeast-1 TELEMETRY tip=598 final=568 stall=30 age_s=2740 diff=1909 peers=6 mempool=0 epoch=0 regime=Degraded
  node3/ap-northeast-1 TELEMETRY tip=600 final=568 stall=32 age_s=2842 diff=1924 peers=6 mempool=0 epoch=0 regime=Degraded
[2026-07-27 03:18:19] iter=123 (t-ops sampler)
  node0/us-east-1 TELEMETRY tip=606 final=600 stall=6 age_s=239 diff=2018 peers=6 mempool=0 epoch=0 regime=Final
  node1/eu-west-1 TELEMETRY tip=607 final=600 stall=7 age_s=268 diff=2025 peers=6 mempool=0 epoch=0 regime=Final
  node2/ap-southeast-1 TELEMETRY tip=607 final=600 stall=7 age_s=268 diff=2025 peers=6 mempool=0 epoch=0 regime=Final
  node3/ap-northeast-1 TELEMETRY tip=607 final=600 stall=7 age_s=276 diff=2025 peers=6 mempool=0 epoch=0 regime=Final
[2026-07-27 03:23:31] iter=124 (t-ops sampler)
  node0/us-east-1 TELEMETRY tip=610 final=600 stall=10 age_s=544 diff=2043 peers=6 mempool=0 epoch=0 regime=Final
  node1/eu-west-1 TELEMETRY tip=610 final=600 stall=10 age_s=538 diff=2043 peers=6 mempool=0 epoch=0 regime=Final
  node2/ap-southeast-1 TELEMETRY tip=611 final=600 stall=11 age_s=665 diff=2058 peers=6 mempool=0 epoch=0 regime=Final
  node3/ap-northeast-1 TELEMETRY tip=611 final=600 stall=11 age_s=638 diff=2025 peers=6 mempool=0 epoch=0 regime=Final
[2026-07-27 03:28:42] iter=125 (t-ops sampler)
  node0/us-east-1 TELEMETRY tip=613 final=600 stall=13 age_s=872 diff=2019 peers=6 mempool=0 epoch=0 regime=Final
  node1/eu-west-1 TELEMETRY tip=613 final=600 stall=13 age_s=817 diff=1996 peers=6 mempool=0 epoch=0 regime=Final
  node2/ap-southeast-1 TELEMETRY tip=613 final=600 stall=13 age_s=837 diff=1996 peers=6 mempool=0 epoch=0 regime=Final
  node3/ap-northeast-1 TELEMETRY tip=614 final=600 stall=14 age_s=932 diff=2002 peers=6 mempool=0 epoch=0 regime=Final
[2026-07-27 03:33:55] iter=126 (t-ops sampler)
  node0/us-east-1 TELEMETRY tip=620 final=616 stall=4 age_s=112 diff=2002 peers=6 mempool=0 epoch=0 regime=Final
  node1/eu-west-1 TELEMETRY tip=619 final=616 stall=3 age_s=92 diff=1976 peers=6 mempool=0 epoch=0 regime=Final
  node2/ap-southeast-1 TELEMETRY tip=617 final=600 stall=17 age_s=1192 diff=1945 peers=6 mempool=0 epoch=0 regime=Degraded
  node3/ap-northeast-1 TELEMETRY tip=619 final=616 stall=3 age_s=92 diff=1976 peers=6 mempool=0 epoch=0 regime=Final
[2026-07-27 03:39:05] iter=127 (t-ops sampler)
  node0/us-east-1 TELEMETRY tip=623 final=616 stall=7 age_s=308 diff=2017 peers=6 mempool=0 epoch=0 regime=Final
  node1/eu-west-1 TELEMETRY tip=622 final=616 stall=6 age_s=283 diff=2034 peers=6 mempool=0 epoch=0 regime=Final
  node2/ap-southeast-1 TELEMETRY tip=623 final=616 stall=7 age_s=308 diff=2017 peers=6 mempool=0 epoch=0 regime=Final
  node3/ap-northeast-1 TELEMETRY tip=623 final=616 stall=7 age_s=359 diff=2017 peers=6 mempool=0 epoch=0 regime=Final
[2026-07-27 03:44:18] iter=128 (t-ops sampler)
  node0/us-east-1 TELEMETRY tip=628 final=624 stall=4 age_s=207 diff=2035 peers=6 mempool=0 epoch=0 regime=Final
  node1/eu-west-1 TELEMETRY tip=628 final=624 stall=4 age_s=207 diff=2035 peers=6 mempool=0 epoch=0 regime=Final
  node2/ap-southeast-1 TELEMETRY tip=629 final=624 stall=5 age_s=243 diff=2050 peers=6 mempool=0 epoch=0 regime=Final
  node3/ap-northeast-1 TELEMETRY tip=628 final=624 stall=4 age_s=207 diff=2035 peers=6 mempool=0 epoch=0 regime=Final
[2026-07-27 03:49:28] iter=129 (t-ops sampler)
  node0/us-east-1 TELEMETRY tip=633 final=624 stall=9 age_s=460 diff=2090 peers=6 mempool=0 epoch=0 regime=Final
  node1/eu-west-1 TELEMETRY tip=634 final=624 stall=10 age_s=513 diff=2107 peers=6 mempool=0 epoch=0 regime=Final
  node2/ap-southeast-1 TELEMETRY tip=634 final=624 stall=10 age_s=548 diff=2107 peers=6 mempool=0 epoch=0 regime=Final
  node3/ap-northeast-1 TELEMETRY tip=634 final=624 stall=10 age_s=533 diff=2107 peers=6 mempool=0 epoch=0 regime=Final
[2026-07-27 03:54:42] iter=130 (t-ops sampler)
  node0/us-east-1 TELEMETRY tip=637 final=624 stall=13 age_s=867 diff=2088 peers=6 mempool=0 epoch=0 regime=Final
  node1/eu-west-1 TELEMETRY tip=634 final=624 stall=10 age_s=513 diff=2107 peers=6 mempool=0 epoch=0 regime=Final
  node2/ap-southeast-1 TELEMETRY tip=636 final=624 stall=12 age_s=654 diff=2093 peers=6 mempool=0 epoch=0 regime=Final
  node3/ap-northeast-1 TELEMETRY tip=637 final=624 stall=13 age_s=805 diff=2088 peers=6 mempool=0 epoch=0 regime=Final
[2026-07-27 03:59:52] iter=131 (t-ops sampler)
  node0/us-east-1 TELEMETRY tip=641 final=640 stall=1 age_s=53 diff=2072 peers=6 mempool=0 epoch=0 regime=Final
  node1/eu-west-1 TELEMETRY tip=642 final=624 stall=18 age_s=1160 diff=2083 peers=6 mempool=0 epoch=0 regime=Degraded
  node2/ap-southeast-1 TELEMETRY tip=642 final=640 stall=2 age_s=101 diff=2083 peers=6 mempool=0 epoch=0 regime=Final
  node3/ap-northeast-1 TELEMETRY tip=642 final=640 stall=2 age_s=151 diff=2083 peers=6 mempool=0 epoch=0 regime=Final
[2026-07-27 04:05:03] iter=132 (t-ops sampler)
  node0/us-east-1 TELEMETRY tip=645 final=640 stall=5 age_s=317 diff=2100 peers=6 mempool=0 epoch=0 regime=Final
  node1/eu-west-1 TELEMETRY tip=646 final=640 stall=6 age_s=431 diff=2084 peers=6 mempool=0 epoch=0 regime=Final
  node2/ap-southeast-1 TELEMETRY tip=644 final=640 stall=4 age_s=241 diff=2094 peers=6 mempool=0 epoch=0 regime=Final
  node3/ap-northeast-1 TELEMETRY tip=646 final=640 stall=6 age_s=431 diff=2084 peers=6 mempool=0 epoch=0 regime=Final
[2026-07-27 04:10:16] iter=133 (t-ops sampler)
  node0/us-east-1 TELEMETRY tip=650 final=640 stall=10 age_s=633 diff=2123 peers=6 mempool=0 epoch=0 regime=Final
  node1/eu-west-1 TELEMETRY tip=651 final=648 stall=3 age_s=260 diff=2128 peers=6 mempool=0 epoch=0 regime=Final
  node2/ap-southeast-1 TELEMETRY tip=651 final=648 stall=3 age_s=260 diff=2128 peers=6 mempool=0 epoch=0 regime=Final
  node3/ap-northeast-1 TELEMETRY tip=650 final=648 stall=2 age_s=174 diff=2123 peers=6 mempool=0 epoch=0 regime=Final
[2026-07-27 04:15:26] iter=134 (t-ops sampler)
  node0/us-east-1 TELEMETRY tip=655 final=648 stall=7 age_s=568 diff=2090 peers=6 mempool=0 epoch=0 regime=Final
  node1/eu-west-1 TELEMETRY tip=655 final=648 stall=7 age_s=568 diff=2090 peers=6 mempool=0 epoch=0 regime=Final
  node2/ap-southeast-1 TELEMETRY tip=656 final=648 stall=8 age_s=580 diff=2102 peers=6 mempool=0 epoch=0 regime=Final
  node3/ap-northeast-1 TELEMETRY tip=652 final=648 stall=4 age_s=320 diff=2106 peers=6 mempool=0 epoch=0 regime=Final
[2026-07-27 04:15:26] ⚠️  tip spread 652..656 (>3 blocks — watch for a fork)
[2026-07-27 04:20:39] iter=135 (t-ops sampler)
  node0/us-east-1 TELEMETRY tip=661 final=656 stall=5 age_s=296 diff=2179 peers=6 mempool=0 epoch=0 regime=Final
  node1/eu-west-1 TELEMETRY tip=661 final=656 stall=5 age_s=296 diff=2179 peers=6 mempool=0 epoch=0 regime=Final
  node2/ap-southeast-1 TELEMETRY tip=660 final=656 stall=4 age_s=208 diff=2148 peers=6 mempool=0 epoch=0 regime=Final
  node3/ap-northeast-1 TELEMETRY tip=660 final=656 stall=4 age_s=208 diff=2148 peers=6 mempool=0 epoch=0 regime=Final
[2026-07-27 04:25:51] iter=136 (t-ops sampler)
  node0/us-east-1 TELEMETRY tip=668 final=664 stall=4 age_s=179 diff=2255 peers=6 mempool=0 epoch=0 regime=Final
  node1/eu-west-1 TELEMETRY tip=668 final=664 stall=4 age_s=179 diff=2255 peers=6 mempool=0 epoch=0 regime=Final
  node2/ap-southeast-1 TELEMETRY tip=668 final=664 stall=4 age_s=179 diff=2255 peers=6 mempool=0 epoch=0 regime=Final
  node3/ap-northeast-1 TELEMETRY tip=665 final=656 stall=9 age_s=478 diff=2217 peers=6 mempool=0 epoch=0 regime=Final
[2026-07-27 04:31:04] iter=137 (t-ops sampler)
  node0/us-east-1 TELEMETRY tip=669 final=664 stall=5 age_s=226 diff=2283 peers=6 mempool=0 epoch=0 regime=Final
  node1/eu-west-1 TELEMETRY tip=671 final=664 stall=7 age_s=443 diff=2294 peers=6 mempool=0 epoch=0 regime=Final
  node2/ap-southeast-1 TELEMETRY tip=671 final=664 stall=7 age_s=443 diff=2294 peers=6 mempool=0 epoch=0 regime=Final
  node3/ap-northeast-1 TELEMETRY tip=671 final=664 stall=7 age_s=443 diff=2294 peers=6 mempool=0 epoch=0 regime=Final
[2026-07-27 04:36:15] iter=138 (t-ops sampler)
  node0/us-east-1 TELEMETRY tip=675 final=664 stall=11 age_s=779 diff=2206 peers=6 mempool=0 epoch=0 regime=Final
  node1/eu-west-1 TELEMETRY tip=675 final=664 stall=11 age_s=779 diff=2206 peers=6 mempool=0 epoch=0 regime=Final
  node2/ap-southeast-1 TELEMETRY tip=673 final=664 stall=9 age_s=668 diff=2260 peers=6 mempool=0 epoch=0 regime=Final
  node3/ap-northeast-1 TELEMETRY tip=675 final=664 stall=11 age_s=779 diff=2206 peers=6 mempool=0 epoch=0 regime=Final
[2026-07-27 04:41:25] iter=139 (t-ops sampler)
  node0/us-east-1 TELEMETRY tip=681 final=680 stall=1 age_s=74 diff=2352 peers=6 mempool=0 epoch=0 regime=Final
  node1/eu-west-1 TELEMETRY tip=681 final=680 stall=1 age_s=71 diff=2352 peers=6 mempool=0 epoch=0 regime=Final
  node2/ap-southeast-1 TELEMETRY tip=680 final=664 stall=16 age_s=957 diff=2314 peers=6 mempool=0 epoch=0 regime=Final
  node3/ap-northeast-1 TELEMETRY tip=681 final=680 stall=1 age_s=53 diff=2352 peers=6 mempool=0 epoch=0 regime=Final
[2026-07-27 04:46:35] iter=140 (t-ops sampler)
  node0/us-east-1 TELEMETRY tip=684 final=680 stall=4 age_s=401 diff=2318 peers=6 mempool=0 epoch=0 regime=Final
  node1/eu-west-1 TELEMETRY tip=683 final=680 stall=3 age_s=228 diff=2338 peers=6 mempool=0 epoch=0 regime=Final
  node2/ap-southeast-1 TELEMETRY tip=684 final=680 stall=4 age_s=451 diff=2318 peers=6 mempool=0 epoch=0 regime=Final
  node3/ap-northeast-1 TELEMETRY tip=683 final=680 stall=3 age_s=301 diff=2338 peers=6 mempool=0 epoch=0 regime=Final
[2026-07-27 04:51:46] iter=141 (t-ops sampler)
  node0/us-east-1 TELEMETRY tip=688 final=680 stall=8 age_s=733 diff=2248 peers=6 mempool=0 epoch=0 regime=Final
  node1/eu-west-1 TELEMETRY tip=686 final=680 stall=6 age_s=643 diff=2228 peers=6 mempool=0 epoch=0 regime=Final
  node2/ap-southeast-1 TELEMETRY tip=688 final=680 stall=8 age_s=733 diff=2248 peers=6 mempool=0 epoch=0 regime=Final
  node3/ap-northeast-1 TELEMETRY tip=688 final=680 stall=8 age_s=757 diff=2248 peers=6 mempool=0 epoch=0 regime=Final
[2026-07-27 04:56:56] iter=142 (t-ops sampler)
  node0/us-east-1 TELEMETRY tip=692 final=688 stall=4 age_s=289 diff=2267 peers=6 mempool=0 epoch=0 regime=Final
  node1/eu-west-1 TELEMETRY tip=692 final=688 stall=4 age_s=289 diff=2267 peers=6 mempool=0 epoch=0 regime=Final
  node2/ap-southeast-1 TELEMETRY tip=692 final=688 stall=4 age_s=289 diff=2267 peers=6 mempool=0 epoch=0 regime=Final
  node3/ap-northeast-1 TELEMETRY tip=692 final=688 stall=4 age_s=289 diff=2267 peers=6 mempool=0 epoch=0 regime=Final
[2026-07-27 05:02:07] iter=143 (t-ops sampler)
  node0/us-east-1 TELEMETRY tip=694 final=688 stall=6 age_s=592 diff=2246 peers=6 mempool=0 epoch=0 regime=Final
  node1/eu-west-1 TELEMETRY tip=694 final=688 stall=6 age_s=592 diff=2246 peers=6 mempool=0 epoch=0 regime=Final
  node2/ap-southeast-1 TELEMETRY tip=694 final=688 stall=6 age_s=526 diff=2280 peers=6 mempool=0 epoch=0 regime=Final
  node3/ap-northeast-1 TELEMETRY tip=694 final=688 stall=6 age_s=526 diff=2280 peers=6 mempool=0 epoch=0 regime=Final
[2026-07-27 05:07:17] iter=144 (t-ops sampler)
  node0/us-east-1 TELEMETRY tip=697 final=696 stall=1 age_s=66 diff=2153 peers=6 mempool=0 epoch=0 regime=Final
  node1/eu-west-1 TELEMETRY tip=697 final=696 stall=1 age_s=41 diff=2153 peers=6 mempool=0 epoch=0 regime=Final
  node2/ap-southeast-1 TELEMETRY tip=697 final=696 stall=1 age_s=66 diff=2153 peers=6 mempool=0 epoch=0 regime=Final
  node3/ap-northeast-1 TELEMETRY tip=696 final=688 stall=8 age_s=842 diff=2161 peers=6 mempool=0 epoch=0 regime=Final
[2026-07-27 05:12:30] iter=145 (t-ops sampler)
  node0/us-east-1 TELEMETRY tip=701 final=696 stall=5 age_s=411 diff=2111 peers=6 mempool=0 epoch=0 regime=Final
  node1/eu-west-1 TELEMETRY tip=702 final=696 stall=6 age_s=441 diff=2136 peers=6 mempool=0 epoch=0 regime=Final
  node2/ap-southeast-1 TELEMETRY tip=702 final=696 stall=6 age_s=441 diff=2136 peers=6 mempool=0 epoch=0 regime=Final
  node3/ap-northeast-1 TELEMETRY tip=702 final=696 stall=6 age_s=441 diff=2136 peers=6 mempool=0 epoch=0 regime=Final
[2026-07-27 05:17:42] iter=146 (t-ops sampler)
  node0/us-east-1 TELEMETRY tip=705 final=696 stall=9 age_s=638 diff=2173 peers=6 mempool=0 epoch=0 regime=Final
  node1/eu-west-1 TELEMETRY tip=705 final=696 stall=9 age_s=625 diff=2173 peers=6 mempool=0 epoch=0 regime=Final
  node2/ap-southeast-1 TELEMETRY tip=705 final=696 stall=9 age_s=627 diff=2173 peers=6 mempool=0 epoch=0 regime=Final
  node3/ap-northeast-1 TELEMETRY tip=705 final=696 stall=9 age_s=646 diff=2173 peers=6 mempool=0 epoch=0 regime=Final
[2026-07-27 05:22:52] iter=147 (t-ops sampler)
  node0/us-east-1 TELEMETRY tip=711 final=704 stall=7 age_s=475 diff=2193 peers=6 mempool=0 epoch=0 regime=Final
  node1/eu-west-1 TELEMETRY tip=711 final=704 stall=7 age_s=475 diff=2193 peers=6 mempool=0 epoch=0 regime=Final
  node2/ap-southeast-1 TELEMETRY tip=711 final=704 stall=7 age_s=478 diff=2193 peers=6 mempool=0 epoch=0 regime=Final
  node3/ap-northeast-1 TELEMETRY tip=712 final=704 stall=8 age_s=516 diff=2198 peers=6 mempool=0 epoch=0 regime=Final
[2026-07-27 05:28:06] iter=148 (t-ops sampler)
  node0/us-east-1 TELEMETRY tip=714 final=704 stall=10 age_s=639 diff=2202 peers=6 mempool=0 epoch=0 regime=Final
  node1/eu-west-1 TELEMETRY tip=715 final=704 stall=11 age_s=708 diff=2229 peers=6 mempool=0 epoch=0 regime=Final
  node2/ap-southeast-1 TELEMETRY tip=715 final=704 stall=11 age_s=703 diff=2229 peers=6 mempool=0 epoch=0 regime=Final
  node3/ap-northeast-1 TELEMETRY tip=715 final=704 stall=11 age_s=719 diff=2229 peers=6 mempool=0 epoch=0 regime=Final
[2026-07-27 05:33:16] iter=149 (t-ops sampler)
  node0/us-east-1 TELEMETRY tip=717 final=704 stall=13 age_s=1035 diff=2154 peers=6 mempool=0 epoch=0 regime=Final
  node1/eu-west-1 TELEMETRY tip=716 final=704 stall=12 age_s=939 diff=2235 peers=6 mempool=0 epoch=0 regime=Final
  node2/ap-southeast-1 TELEMETRY tip=717 final=704 stall=13 age_s=1104 diff=2154 peers=6 mempool=0 epoch=0 regime=Final
  node3/ap-northeast-1 TELEMETRY tip=717 final=704 stall=13 age_s=1100 diff=2154 peers=6 mempool=0 epoch=0 regime=Final
[2026-07-27 05:38:27] iter=150 (t-ops sampler)
  node0/us-east-1 TELEMETRY tip=720 final=704 stall=16 age_s=1413 diff=2094 peers=6 mempool=0 epoch=0 regime=Final
  node1/eu-west-1 TELEMETRY tip=720 final=704 stall=16 age_s=1422 diff=2082 peers=6 mempool=0 epoch=0 regime=Final
  node2/ap-southeast-1 TELEMETRY tip=719 final=704 stall=15 age_s=1293 diff=2098 peers=6 mempool=0 epoch=0 regime=Final
  node3/ap-northeast-1 TELEMETRY tip=720 final=704 stall=16 age_s=1413 diff=2094 peers=6 mempool=0 epoch=0 regime=Final
[2026-07-27 05:43:43] iter=151 (t-ops sampler)
  node0/us-east-1 TELEMETRY tip=723 final=704 stall=19 age_s=1625 diff=2089 peers=6 mempool=0 epoch=0 regime=Degraded
  node1/eu-west-1 TELEMETRY tip=723 final=704 stall=19 age_s=1648 diff=2089 peers=6 mempool=0 epoch=0 regime=Degraded
  node2/ap-southeast-1 TELEMETRY tip=724 final=704 stall=20 age_s=1726 diff=2080 peers=6 mempool=0 epoch=0 regime=Degraded
  node3/ap-northeast-1 TELEMETRY tip=723 final=704 stall=19 age_s=1605 diff=2089 peers=6 mempool=0 epoch=0 regime=Degraded
[2026-07-27 05:48:56] iter=152 (t-ops sampler)
  node0/us-east-1 TELEMETRY tip=726 final=704 stall=22 age_s=2016 diff=2035 peers=6 mempool=0 epoch=0 regime=Degraded
  node1/eu-west-1 TELEMETRY tip=726 final=704 stall=22 age_s=2016 diff=2035 peers=6 mempool=0 epoch=0 regime=Degraded
  node2/ap-southeast-1 TELEMETRY tip=726 final=704 stall=22 age_s=2016 diff=2035 peers=6 mempool=0 epoch=0 regime=Degraded
  node3/ap-northeast-1 TELEMETRY tip=726 final=704 stall=22 age_s=2016 diff=2035 peers=6 mempool=0 epoch=0 regime=Degraded
[2026-07-27 05:54:08] iter=153 (t-ops sampler)
  node0/us-east-1 TELEMETRY tip=728 final=704 stall=24 age_s=2210 diff=1999 peers=6 mempool=0 epoch=0 regime=Degraded
  node1/eu-west-1 TELEMETRY tip=729 final=704 stall=25 age_s=2302 diff=1991 peers=6 mempool=0 epoch=0 regime=Degraded
  node2/ap-southeast-1 TELEMETRY tip=727 final=704 stall=23 age_s=2122 diff=2009 peers=6 mempool=0 epoch=0 regime=Degraded
  node3/ap-northeast-1 TELEMETRY tip=730 final=704 stall=26 age_s=2421 diff=2000 peers=6 mempool=0 epoch=0 regime=Degraded
[2026-07-27 05:59:19] iter=154 (t-ops sampler)
  node0/us-east-1 TELEMETRY tip=732 final=704 stall=28 age_s=2566 diff=1960 peers=6 mempool=0 epoch=0 regime=Degraded
  node1/eu-west-1 TELEMETRY tip=732 final=704 stall=28 age_s=2566 diff=1960 peers=6 mempool=0 epoch=0 regime=Degraded
  node2/ap-southeast-1 TELEMETRY tip=733 final=704 stall=29 age_s=2619 diff=1968 peers=6 mempool=0 epoch=0 regime=Degraded
  node3/ap-northeast-1 TELEMETRY tip=733 final=704 stall=29 age_s=2641 diff=1968 peers=6 mempool=0 epoch=0 regime=Degraded
[2026-07-27 06:04:28] iter=155 (t-ops sampler)
  node0/us-east-1 TELEMETRY tip=738 final=736 stall=2 age_s=124 diff=1993 peers=6 mempool=0 epoch=0 regime=Final
  node1/eu-west-1 TELEMETRY tip=737 final=704 stall=33 age_s=2881 diff=1977 peers=6 mempool=0 epoch=0 regime=Degraded
  node2/ap-southeast-1 TELEMETRY tip=738 final=736 stall=2 age_s=101 diff=1993 peers=6 mempool=0 epoch=0 regime=Final
  node3/ap-northeast-1 TELEMETRY tip=737 final=704 stall=33 age_s=2881 diff=1977 peers=6 mempool=0 epoch=0 regime=Degraded
[2026-07-27 06:09:41] iter=156 (t-ops sampler)
  node0/us-east-1 TELEMETRY tip=741 final=736 stall=5 age_s=408 diff=1957 peers=6 mempool=0 epoch=0 regime=Final
  node1/eu-west-1 TELEMETRY tip=741 final=736 stall=5 age_s=447 diff=1957 peers=6 mempool=0 epoch=0 regime=Final
  node2/ap-southeast-1 TELEMETRY tip=741 final=736 stall=5 age_s=408 diff=1957 peers=6 mempool=0 epoch=0 regime=Final
  node3/ap-northeast-1 TELEMETRY tip=741 final=736 stall=5 age_s=429 diff=1957 peers=6 mempool=0 epoch=0 regime=Final
[2026-07-27 06:14:50] iter=157 (t-ops sampler)
  node0/us-east-1 TELEMETRY tip=744 final=736 stall=8 age_s=727 diff=1935 peers=6 mempool=0 epoch=0 regime=Final
  node1/eu-west-1 TELEMETRY tip=744 final=736 stall=8 age_s=727 diff=1935 peers=6 mempool=0 epoch=0 regime=Final
  node2/ap-southeast-1 TELEMETRY tip=744 final=736 stall=8 age_s=727 diff=1935 peers=6 mempool=0 epoch=0 regime=Final
  node3/ap-northeast-1 TELEMETRY tip=744 final=736 stall=8 age_s=727 diff=1935 peers=6 mempool=0 epoch=0 regime=Final
[2026-07-27 06:20:03] iter=158 (t-ops sampler)
  node0/us-east-1 TELEMETRY tip=749 final=744 stall=5 age_s=319 diff=1926 peers=6 mempool=0 epoch=0 regime=Final
  node1/eu-west-1 TELEMETRY tip=749 final=744 stall=5 age_s=319 diff=1926 peers=6 mempool=0 epoch=0 regime=Final
  node2/ap-southeast-1 TELEMETRY tip=746 final=744 stall=2 age_s=230 diff=1936 peers=6 mempool=0 epoch=0 regime=Final
  node3/ap-northeast-1 TELEMETRY tip=749 final=744 stall=5 age_s=319 diff=1926 peers=6 mempool=0 epoch=0 regime=Final
[2026-07-27 06:25:13] iter=159 (t-ops sampler)
  node0/us-east-1 TELEMETRY tip=753 final=744 stall=9 age_s=634 diff=1922 peers=6 mempool=0 epoch=0 regime=Final
  node1/eu-west-1 TELEMETRY tip=749 final=744 stall=5 age_s=319 diff=1926 peers=6 mempool=0 epoch=0 regime=Final
  node2/ap-southeast-1 TELEMETRY tip=753 final=744 stall=9 age_s=634 diff=1922 peers=6 mempool=0 epoch=0 regime=Final
  node3/ap-northeast-1 TELEMETRY tip=753 final=744 stall=9 age_s=634 diff=1922 peers=6 mempool=0 epoch=0 regime=Final
[2026-07-27 06:25:13] ⚠️  tip spread 749..753 (>3 blocks — watch for a fork)
[2026-07-27 06:30:23] iter=160 (t-ops sampler)
  node0/us-east-1 TELEMETRY tip=758 final=752 stall=6 age_s=335 diff=1953 peers=6 mempool=0 epoch=0 regime=Final
  node1/eu-west-1 TELEMETRY tip=758 final=752 stall=6 age_s=363 diff=1953 peers=6 mempool=0 epoch=0 regime=Final
  node2/ap-southeast-1 TELEMETRY tip=758 final=752 stall=6 age_s=335 diff=1953 peers=6 mempool=0 epoch=0 regime=Final
  node3/ap-northeast-1 TELEMETRY tip=758 final=752 stall=6 age_s=335 diff=1953 peers=6 mempool=0 epoch=0 regime=Final
[2026-07-27 06:35:34] iter=161 (t-ops sampler)
  node0/us-east-1 TELEMETRY tip=762 final=752 stall=10 age_s=651 diff=1980 peers=6 mempool=0 epoch=0 regime=Final
  node1/eu-west-1 TELEMETRY tip=763 final=752 stall=11 age_s=670 diff=1962 peers=6 mempool=0 epoch=0 regime=Final
  node2/ap-southeast-1 TELEMETRY tip=760 final=752 stall=8 age_s=451 diff=1965 peers=6 mempool=0 epoch=0 regime=Final
  node3/ap-northeast-1 TELEMETRY tip=761 final=752 stall=9 age_s=524 diff=1982 peers=6 mempool=0 epoch=0 regime=Final
[2026-07-27 06:40:44] iter=162 (t-ops sampler)
  node0/us-east-1 TELEMETRY tip=765 final=760 stall=5 age_s=401 diff=1966 peers=6 mempool=0 epoch=0 regime=Final
  node1/eu-west-1 TELEMETRY tip=765 final=760 stall=5 age_s=401 diff=1966 peers=6 mempool=0 epoch=0 regime=Final
  node2/ap-southeast-1 TELEMETRY tip=765 final=760 stall=5 age_s=401 diff=1966 peers=6 mempool=0 epoch=0 regime=Final
  node3/ap-northeast-1 TELEMETRY tip=765 final=760 stall=5 age_s=425 diff=1966 peers=6 mempool=0 epoch=0 regime=Final
[2026-07-27 06:45:57] iter=163 (t-ops sampler)
  node0/us-east-1 TELEMETRY tip=771 final=760 stall=11 age_s=839 diff=1962 peers=6 mempool=0 epoch=0 regime=Final
  node1/eu-west-1 TELEMETRY tip=771 final=760 stall=11 age_s=859 diff=1962 peers=6 mempool=0 epoch=0 regime=Final
  node2/ap-southeast-1 TELEMETRY tip=771 final=760 stall=11 age_s=839 diff=1962 peers=6 mempool=0 epoch=0 regime=Final
  node3/ap-northeast-1 TELEMETRY tip=770 final=760 stall=10 age_s=786 diff=1950 peers=6 mempool=0 epoch=0 regime=Final
[2026-07-27 06:51:10] iter=164 (t-ops sampler)
  node0/us-east-1 TELEMETRY tip=777 final=760 stall=17 age_s=1156 diff=2034 peers=6 mempool=0 epoch=0 regime=Degraded
  node1/eu-west-1 TELEMETRY tip=776 final=760 stall=16 age_s=1082 diff=2013 peers=6 mempool=0 epoch=0 regime=Final
  node2/ap-southeast-1 TELEMETRY tip=777 final=776 stall=1 age_s=38 diff=2034 peers=6 mempool=0 epoch=0 regime=Final
  node3/ap-northeast-1 TELEMETRY tip=778 final=776 stall=2 age_s=108 diff=2050 peers=6 mempool=0 epoch=0 regime=Final
[2026-07-27 06:56:19] iter=165 (t-ops sampler)
  node0/us-east-1 TELEMETRY tip=780 final=776 stall=4 age_s=285 diff=2053 peers=6 mempool=0 epoch=0 regime=Final
  node1/eu-west-1 TELEMETRY tip=781 final=776 stall=5 age_s=341 diff=2041 peers=6 mempool=0 epoch=0 regime=Final
  node2/ap-southeast-1 TELEMETRY tip=780 final=776 stall=4 age_s=285 diff=2053 peers=6 mempool=0 epoch=0 regime=Final
  node3/ap-northeast-1 TELEMETRY tip=781 final=776 stall=5 age_s=341 diff=2041 peers=6 mempool=0 epoch=0 regime=Final
[2026-07-27 07:01:31] iter=166 (t-ops sampler)
  node0/us-east-1 TELEMETRY tip=786 final=784 stall=2 age_s=89 diff=2041 peers=6 mempool=0 epoch=0 regime=Final
  node1/eu-west-1 TELEMETRY tip=786 final=784 stall=2 age_s=89 diff=2041 peers=6 mempool=0 epoch=0 regime=Final
  node2/ap-southeast-1 TELEMETRY tip=785 final=784 stall=1 age_s=20 diff=2017 peers=6 mempool=0 epoch=0 regime=Final
  node3/ap-northeast-1 TELEMETRY tip=785 final=784 stall=1 age_s=20 diff=2017 peers=6 mempool=0 epoch=0 regime=Final
[2026-07-27 07:06:41] iter=167 (t-ops sampler)
  node0/us-east-1 TELEMETRY tip=792 final=784 stall=8 age_s=323 diff=2115 peers=6 mempool=0 epoch=0 regime=Final
  node1/eu-west-1 TELEMETRY tip=793 final=784 stall=9 age_s=394 diff=2144 peers=6 mempool=0 epoch=0 regime=Final
  node2/ap-southeast-1 TELEMETRY tip=792 final=784 stall=8 age_s=323 diff=2115 peers=6 mempool=0 epoch=0 regime=Final
  node3/ap-northeast-1 TELEMETRY tip=793 final=784 stall=9 age_s=394 diff=2144 peers=6 mempool=0 epoch=0 regime=Final
[2026-07-27 07:11:51] iter=168 (t-ops sampler)
  node0/us-east-1 TELEMETRY tip=797 final=792 stall=5 age_s=310 diff=2192 peers=6 mempool=0 epoch=0 regime=Final
  node1/eu-west-1 TELEMETRY tip=795 final=792 stall=3 age_s=164 diff=2167 peers=6 mempool=0 epoch=0 regime=Final
  node2/ap-southeast-1 TELEMETRY tip=797 final=792 stall=5 age_s=310 diff=2192 peers=6 mempool=0 epoch=0 regime=Final
  node3/ap-northeast-1 TELEMETRY tip=797 final=792 stall=5 age_s=310 diff=2192 peers=6 mempool=0 epoch=0 regime=Final
[2026-07-27 07:17:00] iter=169 (t-ops sampler)
  node0/us-east-1 TELEMETRY tip=800 final=792 stall=8 age_s=584 diff=2138 peers=6 mempool=0 epoch=0 regime=Final
  node1/eu-west-1 TELEMETRY tip=800 final=792 stall=8 age_s=584 diff=2138 peers=6 mempool=0 epoch=0 regime=Final
  node2/ap-southeast-1 TELEMETRY tip=800 final=792 stall=8 age_s=594 diff=2138 peers=6 mempool=0 epoch=0 regime=Final
  node3/ap-northeast-1 TELEMETRY tip=799 final=792 stall=7 age_s=537 diff=2185 peers=6 mempool=0 epoch=0 regime=Final
[2026-07-27 07:22:10] iter=170 (t-ops sampler)
  node0/us-east-1 TELEMETRY tip=803 final=792 stall=11 age_s=909 diff=2113 peers=6 mempool=0 epoch=0 regime=Final
  node1/eu-west-1 TELEMETRY tip=803 final=792 stall=11 age_s=857 diff=2113 peers=6 mempool=0 epoch=0 regime=Final
  node2/ap-southeast-1 TELEMETRY tip=803 final=792 stall=11 age_s=837 diff=2113 peers=6 mempool=0 epoch=0 regime=Final
  node3/ap-northeast-1 TELEMETRY tip=799 final=792 stall=7 age_s=537 diff=2185 peers=6 mempool=0 epoch=0 regime=Final
[2026-07-27 07:22:10] ⚠️  tip spread 799..803 (>3 blocks — watch for a fork)
[2026-07-27 07:27:21] iter=171 (t-ops sampler)
  node0/us-east-1 TELEMETRY tip=805 final=792 stall=13 age_s=1046 diff=2079 peers=6 mempool=0 epoch=0 regime=Final
  node1/eu-west-1 TELEMETRY tip=806 final=792 stall=14 age_s=1182 diff=2110 peers=6 mempool=0 epoch=0 regime=Final
  node2/ap-southeast-1 TELEMETRY tip=805 final=792 stall=13 age_s=1046 diff=2079 peers=6 mempool=0 epoch=0 regime=Final
  node3/ap-northeast-1 TELEMETRY tip=805 final=792 stall=13 age_s=1046 diff=2079 peers=6 mempool=0 epoch=0 regime=Final
[2026-07-27 07:32:31] iter=172 (t-ops sampler)
  node0/us-east-1 TELEMETRY tip=811 final=808 stall=3 age_s=158 diff=2050 peers=6 mempool=0 epoch=0 regime=Final
  node1/eu-west-1 TELEMETRY tip=810 final=808 stall=2 age_s=91 diff=2043 peers=6 mempool=0 epoch=0 regime=Final
  node2/ap-southeast-1 TELEMETRY tip=810 final=808 stall=2 age_s=85 diff=2043 peers=6 mempool=0 epoch=0 regime=Final
  node3/ap-northeast-1 TELEMETRY tip=808 final=792 stall=16 age_s=1446 diff=2037 peers=6 mempool=0 epoch=0 regime=Final
[2026-07-27 07:37:41] iter=173 (t-ops sampler)
  node0/us-east-1 TELEMETRY tip=812 final=808 stall=4 age_s=254 diff=2051 peers=6 mempool=0 epoch=0 regime=Final
  node1/eu-west-1 TELEMETRY tip=814 final=808 stall=6 age_s=455 diff=2031 peers=6 mempool=0 epoch=0 regime=Final
  node2/ap-southeast-1 TELEMETRY tip=812 final=808 stall=4 age_s=218 diff=2051 peers=6 mempool=0 epoch=0 regime=Final
  node3/ap-northeast-1 TELEMETRY tip=814 final=808 stall=6 age_s=455 diff=2031 peers=6 mempool=0 epoch=0 regime=Final
[2026-07-27 07:42:51] iter=174 (t-ops sampler)
  node0/us-east-1 TELEMETRY tip=816 final=808 stall=8 age_s=587 diff=2031 peers=6 mempool=0 epoch=0 regime=Final
  node1/eu-west-1 TELEMETRY tip=817 final=808 stall=9 age_s=698 diff=2042 peers=6 mempool=0 epoch=0 regime=Final
  node2/ap-southeast-1 TELEMETRY tip=817 final=808 stall=9 age_s=695 diff=2027 peers=6 mempool=0 epoch=0 regime=Final
  node3/ap-northeast-1 TELEMETRY tip=816 final=808 stall=8 age_s=587 diff=2031 peers=6 mempool=0 epoch=0 regime=Final
[2026-07-27 07:48:01] iter=175 (t-ops sampler)
  node0/us-east-1 TELEMETRY tip=820 final=816 stall=4 age_s=494 diff=1941 peers=6 mempool=0 epoch=0 regime=Final
  node1/eu-west-1 TELEMETRY tip=819 final=816 stall=3 age_s=427 diff=1938 peers=6 mempool=0 epoch=0 regime=Final
  node2/ap-southeast-1 TELEMETRY tip=819 final=816 stall=3 age_s=427 diff=1938 peers=6 mempool=0 epoch=0 regime=Final
  node3/ap-northeast-1 TELEMETRY tip=819 final=816 stall=3 age_s=427 diff=1938 peers=6 mempool=0 epoch=0 regime=Final
[2026-07-27 07:53:11] iter=176 (t-ops sampler)
  node0/us-east-1 TELEMETRY tip=823 final=816 stall=7 age_s=713 diff=1945 peers=6 mempool=0 epoch=0 regime=Final
  node1/eu-west-1 TELEMETRY tip=823 final=816 stall=7 age_s=713 diff=1945 peers=6 mempool=0 epoch=0 regime=Final
  node2/ap-southeast-1 TELEMETRY tip=823 final=816 stall=7 age_s=713 diff=1945 peers=6 mempool=0 epoch=0 regime=Final
  node3/ap-northeast-1 TELEMETRY tip=823 final=816 stall=7 age_s=713 diff=1945 peers=6 mempool=0 epoch=0 regime=Final
[2026-07-27 07:58:21] iter=177 (t-ops sampler)
  node0/us-east-1 TELEMETRY tip=825 final=816 stall=9 age_s=956 diff=1956 peers=6 mempool=0 epoch=0 regime=Final
  node1/eu-west-1 TELEMETRY tip=826 final=816 stall=10 age_s=1062 diff=1910 peers=6 mempool=0 epoch=0 regime=Final
  node2/ap-southeast-1 TELEMETRY tip=826 final=816 stall=10 age_s=1062 diff=1910 peers=6 mempool=0 epoch=0 regime=Final
  node3/ap-northeast-1 TELEMETRY tip=826 final=816 stall=10 age_s=1062 diff=1910 peers=6 mempool=0 epoch=0 regime=Final
[2026-07-27 08:03:31] iter=178 (t-ops sampler)
  node0/us-east-1 TELEMETRY tip=833 final=816 stall=17 age_s=1416 diff=1954 peers=6 mempool=0 epoch=0 regime=Degraded
  node1/eu-west-1 TELEMETRY tip=833 final=816 stall=17 age_s=1416 diff=1954 peers=6 mempool=0 epoch=0 regime=Degraded
  node2/ap-southeast-1 TELEMETRY tip=832 final=816 stall=16 age_s=1371 diff=1943 peers=6 mempool=0 epoch=0 regime=Final
  node3/ap-northeast-1 TELEMETRY tip=831 final=816 stall=15 age_s=1323 diff=1928 peers=6 mempool=0 epoch=0 regime=Final
[2026-07-27 08:08:42] iter=179 (t-ops sampler)
  node0/us-east-1 TELEMETRY tip=838 final=816 stall=22 age_s=1693 diff=2015 peers=6 mempool=0 epoch=0 regime=Degraded
  node1/eu-west-1 TELEMETRY tip=838 final=816 stall=22 age_s=1697 diff=2015 peers=6 mempool=0 epoch=0 regime=Degraded
  node2/ap-southeast-1 TELEMETRY tip=836 final=816 stall=20 age_s=1562 diff=1999 peers=6 mempool=0 epoch=0 regime=Degraded
  node3/ap-northeast-1 TELEMETRY tip=838 final=816 stall=22 age_s=1697 diff=2015 peers=6 mempool=0 epoch=0 regime=Degraded
[2026-07-27 08:13:51] iter=180 (t-ops sampler)
  node0/us-east-1 TELEMETRY tip=841 final=816 stall=25 age_s=1974 diff=1989 peers=6 mempool=0 epoch=0 regime=Degraded
  node1/eu-west-1 TELEMETRY tip=842 final=816 stall=26 age_s=2059 diff=1988 peers=6 mempool=0 epoch=0 regime=Degraded
  node2/ap-southeast-1 TELEMETRY tip=842 final=816 stall=26 age_s=2059 diff=1988 peers=6 mempool=0 epoch=0 regime=Degraded
  node3/ap-northeast-1 TELEMETRY tip=841 final=816 stall=25 age_s=1967 diff=1997 peers=6 mempool=0 epoch=0 regime=Degraded
[2026-07-27 08:19:02] iter=181 (t-ops sampler)
  node0/us-east-1 TELEMETRY tip=846 final=816 stall=30 age_s=2158 diff=2044 peers=6 mempool=0 epoch=0 regime=Degraded
  node1/eu-west-1 TELEMETRY tip=848 final=816 stall=32 age_s=2286 diff=2099 peers=6 mempool=0 epoch=0 regime=Degraded
  node2/ap-southeast-1 TELEMETRY tip=847 final=816 stall=31 age_s=2177 diff=2072 peers=6 mempool=0 epoch=0 regime=Degraded
  node3/ap-northeast-1 TELEMETRY tip=848 final=816 stall=32 age_s=2286 diff=2099 peers=6 mempool=0 epoch=0 regime=Degraded
[2026-07-27 08:24:13] iter=182 (t-ops sampler)
  node0/us-east-1 TELEMETRY tip=853 final=848 stall=5 age_s=271 diff=2103 peers=6 mempool=0 epoch=0 regime=Final
  node1/eu-west-1 TELEMETRY tip=853 final=848 stall=5 age_s=340 diff=2103 peers=6 mempool=0 epoch=0 regime=Final
  node2/ap-southeast-1 TELEMETRY tip=851 final=848 stall=3 age_s=185 diff=2094 peers=6 mempool=0 epoch=0 regime=Final
  node3/ap-northeast-1 TELEMETRY tip=852 final=848 stall=4 age_s=257 diff=2102 peers=6 mempool=0 epoch=0 regime=Final
[2026-07-27 08:29:24] iter=183 (t-ops sampler)
  node0/us-east-1 TELEMETRY tip=856 final=848 stall=8 age_s=671 diff=2045 peers=6 mempool=0 epoch=0 regime=Final
  node1/eu-west-1 TELEMETRY tip=856 final=848 stall=8 age_s=688 diff=2045 peers=6 mempool=0 epoch=0 regime=Final
  node2/ap-southeast-1 TELEMETRY tip=855 final=848 stall=7 age_s=550 diff=2083 peers=6 mempool=0 epoch=0 regime=Final
  node3/ap-northeast-1 TELEMETRY tip=856 final=848 stall=8 age_s=671 diff=2045 peers=6 mempool=0 epoch=0 regime=Final
[2026-07-27 08:34:35] iter=184 (t-ops sampler)
  node0/us-east-1 TELEMETRY tip=858 final=856 stall=2 age_s=194 diff=2047 peers=6 mempool=0 epoch=0 regime=Final
  node1/eu-west-1 TELEMETRY tip=858 final=856 stall=2 age_s=264 diff=2047 peers=6 mempool=0 epoch=0 regime=Final
  node2/ap-southeast-1 TELEMETRY tip=858 final=856 stall=2 age_s=264 diff=2047 peers=6 mempool=0 epoch=0 regime=Final
  node3/ap-northeast-1 TELEMETRY tip=858 final=856 stall=2 age_s=216 diff=2031 peers=6 mempool=0 epoch=0 regime=Final
[2026-07-27 08:39:45] iter=185 (t-ops sampler)
  node0/us-east-1 UNREACHABLE-OR-SILENT
  node1/eu-west-1 UNREACHABLE-OR-SILENT
  node2/ap-southeast-1 UNREACHABLE-OR-SILENT
  node3/ap-northeast-1 UNREACHABLE-OR-SILENT
[2026-07-27 08:39:45] 🔴 ALERT only 0/4 nodes reporting
[2026-07-27 11:36:42] iter=186 (t-ops sampler)
  node0/us-east-1 UNREACHABLE-OR-SILENT
  node1/eu-west-1 UNREACHABLE-OR-SILENT
  node2/ap-southeast-1 UNREACHABLE-OR-SILENT
  node3/ap-northeast-1 UNREACHABLE-OR-SILENT
[2026-07-27 11:36:42] 🔴 ALERT only 0/4 nodes reporting
[2026-07-27 11:42:42] iter=187 (t-ops sampler)
  node0/us-east-1 UNREACHABLE-OR-SILENT
  node1/eu-west-1 UNREACHABLE-OR-SILENT
  node2/ap-southeast-1 UNREACHABLE-OR-SILENT
  node3/ap-northeast-1 UNREACHABLE-OR-SILENT
[2026-07-27 11:42:42] 🔴 ALERT only 0/4 nodes reporting
[2026-07-27 11:48:43] iter=188 (t-ops sampler)
  node0/us-east-1 UNREACHABLE-OR-SILENT
  node1/eu-west-1 UNREACHABLE-OR-SILENT
  node2/ap-southeast-1 UNREACHABLE-OR-SILENT
  node3/ap-northeast-1 UNREACHABLE-OR-SILENT
[2026-07-27 11:48:43] 🔴 ALERT only 0/4 nodes reporting
[2026-07-27 11:54:43] iter=189 (t-ops sampler)
  node0/us-east-1 UNREACHABLE-OR-SILENT
  node1/eu-west-1 UNREACHABLE-OR-SILENT
  node2/ap-southeast-1 UNREACHABLE-OR-SILENT
  node3/ap-northeast-1 UNREACHABLE-OR-SILENT
[2026-07-27 11:54:43] 🔴 ALERT only 0/4 nodes reporting
[2026-07-27 12:00:43] iter=190 (t-ops sampler)
  node0/us-east-1 UNREACHABLE-OR-SILENT
  node1/eu-west-1 UNREACHABLE-OR-SILENT
  node2/ap-southeast-1 UNREACHABLE-OR-SILENT
  node3/ap-northeast-1 UNREACHABLE-OR-SILENT
[2026-07-27 12:00:43] 🔴 ALERT only 0/4 nodes reporting
[2026-07-27 12:06:44] iter=191 (t-ops sampler)
  node0/us-east-1 UNREACHABLE-OR-SILENT
  node1/eu-west-1 UNREACHABLE-OR-SILENT
  node2/ap-southeast-1 UNREACHABLE-OR-SILENT
  node3/ap-northeast-1 UNREACHABLE-OR-SILENT
[2026-07-27 12:06:44] 🔴 ALERT only 0/4 nodes reporting
[2026-07-27 12:12:44] iter=192 (t-ops sampler)
  node0/us-east-1 UNREACHABLE-OR-SILENT
  node1/eu-west-1 UNREACHABLE-OR-SILENT
  node2/ap-southeast-1 UNREACHABLE-OR-SILENT
  node3/ap-northeast-1 UNREACHABLE-OR-SILENT
[2026-07-27 12:12:44] 🔴 ALERT only 0/4 nodes reporting
[2026-07-27 12:18:44] iter=193 (t-ops sampler)
  node0/us-east-1 UNREACHABLE-OR-SILENT
  node1/eu-west-1 UNREACHABLE-OR-SILENT
  node2/ap-southeast-1 UNREACHABLE-OR-SILENT
  node3/ap-northeast-1 UNREACHABLE-OR-SILENT
[2026-07-27 12:18:44] 🔴 ALERT only 0/4 nodes reporting
[2026-07-27 12:24:44] iter=194 (t-ops sampler)
  node0/us-east-1 UNREACHABLE-OR-SILENT
  node1/eu-west-1 UNREACHABLE-OR-SILENT
  node2/ap-southeast-1 UNREACHABLE-OR-SILENT
  node3/ap-northeast-1 UNREACHABLE-OR-SILENT
[2026-07-27 12:24:44] 🔴 ALERT only 0/4 nodes reporting
[2026-07-27 12:30:44] iter=195 (t-ops sampler)
  node0/us-east-1 UNREACHABLE-OR-SILENT
  node1/eu-west-1 UNREACHABLE-OR-SILENT
  node2/ap-southeast-1 UNREACHABLE-OR-SILENT
  node3/ap-northeast-1 UNREACHABLE-OR-SILENT
[2026-07-27 12:30:44] 🔴 ALERT only 0/4 nodes reporting
[2026-07-27 12:36:44] iter=196 (t-ops sampler)
  node0/us-east-1 UNREACHABLE-OR-SILENT
  node1/eu-west-1 UNREACHABLE-OR-SILENT
  node2/ap-southeast-1 UNREACHABLE-OR-SILENT
  node3/ap-northeast-1 UNREACHABLE-OR-SILENT
[2026-07-27 12:36:44] 🔴 ALERT only 0/4 nodes reporting
[2026-07-27 12:42:44] iter=197 (t-ops sampler)
  node0/us-east-1 UNREACHABLE-OR-SILENT
  node1/eu-west-1 UNREACHABLE-OR-SILENT
  node2/ap-southeast-1 UNREACHABLE-OR-SILENT
  node3/ap-northeast-1 UNREACHABLE-OR-SILENT
[2026-07-27 12:42:44] 🔴 ALERT only 0/4 nodes reporting
[2026-07-27 12:48:44] iter=198 (t-ops sampler)
  node0/us-east-1 UNREACHABLE-OR-SILENT
  node1/eu-west-1 UNREACHABLE-OR-SILENT
  node2/ap-southeast-1 UNREACHABLE-OR-SILENT
  node3/ap-northeast-1 UNREACHABLE-OR-SILENT
[2026-07-27 12:48:44] 🔴 ALERT only 0/4 nodes reporting
[2026-07-27 12:54:44] iter=199 (t-ops sampler)
  node0/us-east-1 UNREACHABLE-OR-SILENT
  node1/eu-west-1 UNREACHABLE-OR-SILENT
  node2/ap-southeast-1 UNREACHABLE-OR-SILENT
  node3/ap-northeast-1 UNREACHABLE-OR-SILENT
[2026-07-27 12:54:44] 🔴 ALERT only 0/4 nodes reporting
[2026-07-27 13:00:45] iter=200 (t-ops sampler)
  node0/us-east-1 UNREACHABLE-OR-SILENT
  node1/eu-west-1 UNREACHABLE-OR-SILENT
  node2/ap-southeast-1 UNREACHABLE-OR-SILENT
  node3/ap-northeast-1 UNREACHABLE-OR-SILENT
[2026-07-27 13:00:45] 🔴 ALERT only 0/4 nodes reporting
[2026-07-27 13:06:45] iter=201 (t-ops sampler)
  node0/us-east-1 UNREACHABLE-OR-SILENT
  node1/eu-west-1 UNREACHABLE-OR-SILENT
  node2/ap-southeast-1 UNREACHABLE-OR-SILENT
  node3/ap-northeast-1 UNREACHABLE-OR-SILENT
[2026-07-27 13:06:45] 🔴 ALERT only 0/4 nodes reporting
[2026-07-27 13:12:45] iter=202 (t-ops sampler)
  node0/us-east-1 UNREACHABLE-OR-SILENT
  node1/eu-west-1 UNREACHABLE-OR-SILENT
  node2/ap-southeast-1 UNREACHABLE-OR-SILENT
  node3/ap-northeast-1 UNREACHABLE-OR-SILENT
[2026-07-27 13:12:45] 🔴 ALERT only 0/4 nodes reporting
[2026-07-27 13:18:45] iter=203 (t-ops sampler)
  node0/us-east-1 UNREACHABLE-OR-SILENT
  node1/eu-west-1 UNREACHABLE-OR-SILENT
  node2/ap-southeast-1 UNREACHABLE-OR-SILENT
  node3/ap-northeast-1 UNREACHABLE-OR-SILENT
[2026-07-27 13:18:45] 🔴 ALERT only 0/4 nodes reporting
[2026-07-27 13:24:45] iter=204 (t-ops sampler)
  node0/us-east-1 UNREACHABLE-OR-SILENT
  node1/eu-west-1 UNREACHABLE-OR-SILENT
  node2/ap-southeast-1 UNREACHABLE-OR-SILENT
  node3/ap-northeast-1 UNREACHABLE-OR-SILENT
[2026-07-27 13:24:45] 🔴 ALERT only 0/4 nodes reporting
[2026-07-27 13:30:45] iter=205 (t-ops sampler)
  node0/us-east-1 UNREACHABLE-OR-SILENT
  node1/eu-west-1 UNREACHABLE-OR-SILENT
  node2/ap-southeast-1 UNREACHABLE-OR-SILENT
  node3/ap-northeast-1 UNREACHABLE-OR-SILENT
[2026-07-27 13:30:45] 🔴 ALERT only 0/4 nodes reporting
[2026-07-27 13:36:45] iter=206 (t-ops sampler)
  node0/us-east-1 UNREACHABLE-OR-SILENT
  node1/eu-west-1 UNREACHABLE-OR-SILENT
  node2/ap-southeast-1 UNREACHABLE-OR-SILENT
  node3/ap-northeast-1 UNREACHABLE-OR-SILENT
[2026-07-27 13:36:45] 🔴 ALERT only 0/4 nodes reporting
[2026-07-27 13:42:45] iter=207 (t-ops sampler)
  node0/us-east-1 UNREACHABLE-OR-SILENT
  node1/eu-west-1 UNREACHABLE-OR-SILENT
  node2/ap-southeast-1 UNREACHABLE-OR-SILENT
  node3/ap-northeast-1 UNREACHABLE-OR-SILENT
[2026-07-27 13:42:45] 🔴 ALERT only 0/4 nodes reporting
[2026-07-27 13:48:45] iter=208 (t-ops sampler)
  node0/us-east-1 UNREACHABLE-OR-SILENT
  node1/eu-west-1 UNREACHABLE-OR-SILENT
  node2/ap-southeast-1 UNREACHABLE-OR-SILENT
  node3/ap-northeast-1 UNREACHABLE-OR-SILENT
[2026-07-27 13:48:45] 🔴 ALERT only 0/4 nodes reporting
[2026-07-27 13:54:46] iter=209 (t-ops sampler)
  node0/us-east-1 UNREACHABLE-OR-SILENT
  node1/eu-west-1 UNREACHABLE-OR-SILENT
  node2/ap-southeast-1 UNREACHABLE-OR-SILENT
  node3/ap-northeast-1 UNREACHABLE-OR-SILENT
[2026-07-27 13:54:46] 🔴 ALERT only 0/4 nodes reporting
[2026-07-27 14:00:46] iter=210 (t-ops sampler)
  node0/us-east-1 UNREACHABLE-OR-SILENT
  node1/eu-west-1 UNREACHABLE-OR-SILENT
  node2/ap-southeast-1 UNREACHABLE-OR-SILENT
  node3/ap-northeast-1 UNREACHABLE-OR-SILENT
[2026-07-27 14:00:46] 🔴 ALERT only 0/4 nodes reporting
[2026-07-27 14:06:46] iter=211 (t-ops sampler)
  node0/us-east-1 UNREACHABLE-OR-SILENT
  node1/eu-west-1 UNREACHABLE-OR-SILENT
  node2/ap-southeast-1 UNREACHABLE-OR-SILENT
  node3/ap-northeast-1 UNREACHABLE-OR-SILENT
[2026-07-27 14:06:46] 🔴 ALERT only 0/4 nodes reporting
[2026-07-27 14:12:46] iter=212 (t-ops sampler)
  node0/us-east-1 UNREACHABLE-OR-SILENT
  node1/eu-west-1 UNREACHABLE-OR-SILENT
  node2/ap-southeast-1 UNREACHABLE-OR-SILENT
  node3/ap-northeast-1 UNREACHABLE-OR-SILENT
[2026-07-27 14:12:46] 🔴 ALERT only 0/4 nodes reporting
[2026-07-27 14:18:46] iter=213 (t-ops sampler)
  node0/us-east-1 UNREACHABLE-OR-SILENT
  node1/eu-west-1 UNREACHABLE-OR-SILENT
  node2/ap-southeast-1 UNREACHABLE-OR-SILENT
  node3/ap-northeast-1 UNREACHABLE-OR-SILENT
[2026-07-27 14:18:46] 🔴 ALERT only 0/4 nodes reporting
[2026-07-27 14:24:46] iter=214 (t-ops sampler)
  node0/us-east-1 UNREACHABLE-OR-SILENT
  node1/eu-west-1 UNREACHABLE-OR-SILENT
  node2/ap-southeast-1 UNREACHABLE-OR-SILENT
  node3/ap-northeast-1 UNREACHABLE-OR-SILENT
[2026-07-27 14:24:46] 🔴 ALERT only 0/4 nodes reporting
[2026-07-27 14:30:46] iter=215 (t-ops sampler)
  node0/us-east-1 UNREACHABLE-OR-SILENT
  node1/eu-west-1 UNREACHABLE-OR-SILENT
  node2/ap-southeast-1 UNREACHABLE-OR-SILENT
  node3/ap-northeast-1 UNREACHABLE-OR-SILENT
[2026-07-27 14:30:46] 🔴 ALERT only 0/4 nodes reporting
[2026-07-27 14:36:46] iter=216 (t-ops sampler)
  node0/us-east-1 UNREACHABLE-OR-SILENT
  node1/eu-west-1 UNREACHABLE-OR-SILENT
  node2/ap-southeast-1 UNREACHABLE-OR-SILENT
  node3/ap-northeast-1 UNREACHABLE-OR-SILENT
[2026-07-27 14:36:46] 🔴 ALERT only 0/4 nodes reporting
[2026-07-27 14:42:47] iter=217 (t-ops sampler)
  node0/us-east-1 UNREACHABLE-OR-SILENT
  node1/eu-west-1 UNREACHABLE-OR-SILENT
  node2/ap-southeast-1 UNREACHABLE-OR-SILENT
  node3/ap-northeast-1 UNREACHABLE-OR-SILENT
[2026-07-27 14:42:47] 🔴 ALERT only 0/4 nodes reporting
[2026-07-27 14:48:47] iter=218 (t-ops sampler)
  node0/us-east-1 UNREACHABLE-OR-SILENT
  node1/eu-west-1 UNREACHABLE-OR-SILENT
  node2/ap-southeast-1 UNREACHABLE-OR-SILENT
  node3/ap-northeast-1 UNREACHABLE-OR-SILENT
[2026-07-27 14:48:47] 🔴 ALERT only 0/4 nodes reporting
[2026-07-27 14:54:47] iter=219 (t-ops sampler)
  node0/us-east-1 UNREACHABLE-OR-SILENT
  node1/eu-west-1 UNREACHABLE-OR-SILENT
  node2/ap-southeast-1 UNREACHABLE-OR-SILENT
  node3/ap-northeast-1 UNREACHABLE-OR-SILENT
[2026-07-27 14:54:47] 🔴 ALERT only 0/4 nodes reporting
[2026-07-27 15:00:47] iter=220 (t-ops sampler)
  node0/us-east-1 UNREACHABLE-OR-SILENT
  node1/eu-west-1 UNREACHABLE-OR-SILENT
  node2/ap-southeast-1 UNREACHABLE-OR-SILENT
  node3/ap-northeast-1 UNREACHABLE-OR-SILENT
[2026-07-27 15:00:47] 🔴 ALERT only 0/4 nodes reporting
[2026-07-27 15:06:47] iter=221 (t-ops sampler)
  node0/us-east-1 UNREACHABLE-OR-SILENT
  node1/eu-west-1 UNREACHABLE-OR-SILENT
  node2/ap-southeast-1 UNREACHABLE-OR-SILENT
  node3/ap-northeast-1 UNREACHABLE-OR-SILENT
[2026-07-27 15:06:47] 🔴 ALERT only 0/4 nodes reporting
[2026-07-27 15:12:47] iter=222 (t-ops sampler)
  node0/us-east-1 UNREACHABLE-OR-SILENT
  node1/eu-west-1 UNREACHABLE-OR-SILENT
  node2/ap-southeast-1 UNREACHABLE-OR-SILENT
  node3/ap-northeast-1 UNREACHABLE-OR-SILENT
[2026-07-27 15:12:47] 🔴 ALERT only 0/4 nodes reporting
[2026-07-27 15:18:47] iter=223 (t-ops sampler)
  node0/us-east-1 UNREACHABLE-OR-SILENT
  node1/eu-west-1 UNREACHABLE-OR-SILENT
  node2/ap-southeast-1 UNREACHABLE-OR-SILENT
  node3/ap-northeast-1 UNREACHABLE-OR-SILENT
[2026-07-27 15:18:47] 🔴 ALERT only 0/4 nodes reporting
[2026-07-27 15:24:47] iter=224 (t-ops sampler)
  node0/us-east-1 UNREACHABLE-OR-SILENT
  node1/eu-west-1 UNREACHABLE-OR-SILENT
  node2/ap-southeast-1 UNREACHABLE-OR-SILENT
  node3/ap-northeast-1 UNREACHABLE-OR-SILENT
[2026-07-27 15:24:47] 🔴 ALERT only 0/4 nodes reporting
[2026-07-27 15:30:48] iter=225 (t-ops sampler)
  node0/us-east-1 UNREACHABLE-OR-SILENT
  node1/eu-west-1 UNREACHABLE-OR-SILENT
  node2/ap-southeast-1 UNREACHABLE-OR-SILENT
  node3/ap-northeast-1 UNREACHABLE-OR-SILENT
[2026-07-27 15:30:48] 🔴 ALERT only 0/4 nodes reporting
[2026-07-27 15:36:48] iter=226 (t-ops sampler)
  node0/us-east-1 UNREACHABLE-OR-SILENT
  node1/eu-west-1 UNREACHABLE-OR-SILENT
  node2/ap-southeast-1 UNREACHABLE-OR-SILENT
  node3/ap-northeast-1 UNREACHABLE-OR-SILENT
[2026-07-27 15:36:48] 🔴 ALERT only 0/4 nodes reporting
[2026-07-27 15:42:48] iter=227 (t-ops sampler)
  node0/us-east-1 UNREACHABLE-OR-SILENT
  node1/eu-west-1 UNREACHABLE-OR-SILENT
  node2/ap-southeast-1 UNREACHABLE-OR-SILENT
  node3/ap-northeast-1 UNREACHABLE-OR-SILENT
[2026-07-27 15:42:48] 🔴 ALERT only 0/4 nodes reporting
[2026-07-27 15:48:48] iter=228 (t-ops sampler)
  node0/us-east-1 UNREACHABLE-OR-SILENT
  node1/eu-west-1 UNREACHABLE-OR-SILENT
  node2/ap-southeast-1 UNREACHABLE-OR-SILENT
  node3/ap-northeast-1 UNREACHABLE-OR-SILENT
[2026-07-27 15:48:48] 🔴 ALERT only 0/4 nodes reporting
[2026-07-27 15:54:48] iter=229 (t-ops sampler)
  node0/us-east-1 UNREACHABLE-OR-SILENT
  node1/eu-west-1 UNREACHABLE-OR-SILENT
  node2/ap-southeast-1 UNREACHABLE-OR-SILENT
  node3/ap-northeast-1 UNREACHABLE-OR-SILENT
[2026-07-27 15:54:48] 🔴 ALERT only 0/4 nodes reporting
[2026-07-27 16:00:48] iter=230 (t-ops sampler)
  node0/us-east-1 UNREACHABLE-OR-SILENT
  node1/eu-west-1 UNREACHABLE-OR-SILENT
  node2/ap-southeast-1 UNREACHABLE-OR-SILENT
  node3/ap-northeast-1 UNREACHABLE-OR-SILENT
[2026-07-27 16:00:48] 🔴 ALERT only 0/4 nodes reporting
[2026-07-27 16:06:48] iter=231 (t-ops sampler)
  node0/us-east-1 UNREACHABLE-OR-SILENT
  node1/eu-west-1 UNREACHABLE-OR-SILENT
  node2/ap-southeast-1 UNREACHABLE-OR-SILENT
  node3/ap-northeast-1 UNREACHABLE-OR-SILENT
[2026-07-27 16:06:48] 🔴 ALERT only 0/4 nodes reporting
[2026-07-27 16:12:48] iter=232 (t-ops sampler)
  node0/us-east-1 UNREACHABLE-OR-SILENT
  node1/eu-west-1 UNREACHABLE-OR-SILENT
  node2/ap-southeast-1 UNREACHABLE-OR-SILENT
  node3/ap-northeast-1 UNREACHABLE-OR-SILENT
[2026-07-27 16:12:48] 🔴 ALERT only 0/4 nodes reporting
[2026-07-27 16:18:49] iter=233 (t-ops sampler)
  node0/us-east-1 UNREACHABLE-OR-SILENT
  node1/eu-west-1 UNREACHABLE-OR-SILENT
  node2/ap-southeast-1 UNREACHABLE-OR-SILENT
  node3/ap-northeast-1 UNREACHABLE-OR-SILENT
[2026-07-27 16:18:49] 🔴 ALERT only 0/4 nodes reporting
[2026-07-27 16:24:49] iter=234 (t-ops sampler)
  node0/us-east-1 UNREACHABLE-OR-SILENT
  node1/eu-west-1 UNREACHABLE-OR-SILENT
  node2/ap-southeast-1 UNREACHABLE-OR-SILENT
  node3/ap-northeast-1 UNREACHABLE-OR-SILENT
[2026-07-27 16:24:49] 🔴 ALERT only 0/4 nodes reporting
[2026-07-27 16:30:49] iter=235 (t-ops sampler)
  node0/us-east-1 UNREACHABLE-OR-SILENT
  node1/eu-west-1 UNREACHABLE-OR-SILENT
  node2/ap-southeast-1 UNREACHABLE-OR-SILENT
  node3/ap-northeast-1 UNREACHABLE-OR-SILENT
[2026-07-27 16:30:49] 🔴 ALERT only 0/4 nodes reporting
[2026-07-27 16:36:49] iter=236 (t-ops sampler)
  node0/us-east-1 UNREACHABLE-OR-SILENT
  node1/eu-west-1 UNREACHABLE-OR-SILENT
  node2/ap-southeast-1 UNREACHABLE-OR-SILENT
  node3/ap-northeast-1 UNREACHABLE-OR-SILENT
[2026-07-27 16:36:49] 🔴 ALERT only 0/4 nodes reporting
[2026-07-27 16:42:49] iter=237 (t-ops sampler)
  node0/us-east-1 UNREACHABLE-OR-SILENT
  node1/eu-west-1 UNREACHABLE-OR-SILENT
  node2/ap-southeast-1 UNREACHABLE-OR-SILENT
  node3/ap-northeast-1 UNREACHABLE-OR-SILENT
[2026-07-27 16:42:49] 🔴 ALERT only 0/4 nodes reporting
[2026-07-27 16:48:49] iter=238 (t-ops sampler)
  node0/us-east-1 UNREACHABLE-OR-SILENT
  node1/eu-west-1 UNREACHABLE-OR-SILENT
  node2/ap-southeast-1 UNREACHABLE-OR-SILENT
  node3/ap-northeast-1 UNREACHABLE-OR-SILENT
[2026-07-27 16:48:49] 🔴 ALERT only 0/4 nodes reporting
[2026-07-27 16:54:49] iter=239 (t-ops sampler)
  node0/us-east-1 UNREACHABLE-OR-SILENT
  node1/eu-west-1 UNREACHABLE-OR-SILENT
  node2/ap-southeast-1 UNREACHABLE-OR-SILENT
  node3/ap-northeast-1 UNREACHABLE-OR-SILENT
[2026-07-27 16:54:49] 🔴 ALERT only 0/4 nodes reporting
[2026-07-27 17:00:49] iter=240 (t-ops sampler)
  node0/us-east-1 UNREACHABLE-OR-SILENT
  node1/eu-west-1 UNREACHABLE-OR-SILENT
  node2/ap-southeast-1 UNREACHABLE-OR-SILENT
  node3/ap-northeast-1 UNREACHABLE-OR-SILENT
[2026-07-27 17:00:49] 🔴 ALERT only 0/4 nodes reporting
[2026-07-27 17:06:49] iter=241 (t-ops sampler)
  node0/us-east-1 UNREACHABLE-OR-SILENT
  node1/eu-west-1 UNREACHABLE-OR-SILENT
  node2/ap-southeast-1 UNREACHABLE-OR-SILENT
  node3/ap-northeast-1 UNREACHABLE-OR-SILENT
[2026-07-27 17:06:49] 🔴 ALERT only 0/4 nodes reporting
[2026-07-27 17:12:50] iter=242 (t-ops sampler)
  node0/us-east-1 UNREACHABLE-OR-SILENT
  node1/eu-west-1 UNREACHABLE-OR-SILENT
  node2/ap-southeast-1 UNREACHABLE-OR-SILENT
  node3/ap-northeast-1 UNREACHABLE-OR-SILENT
[2026-07-27 17:12:50] 🔴 ALERT only 0/4 nodes reporting
[2026-07-27 17:18:50] iter=243 (t-ops sampler)
  node0/us-east-1 UNREACHABLE-OR-SILENT
  node1/eu-west-1 UNREACHABLE-OR-SILENT
  node2/ap-southeast-1 UNREACHABLE-OR-SILENT
  node3/ap-northeast-1 UNREACHABLE-OR-SILENT
[2026-07-27 17:18:50] 🔴 ALERT only 0/4 nodes reporting
[2026-07-27 17:24:50] iter=244 (t-ops sampler)
  node0/us-east-1 UNREACHABLE-OR-SILENT
  node1/eu-west-1 UNREACHABLE-OR-SILENT
  node2/ap-southeast-1 UNREACHABLE-OR-SILENT
  node3/ap-northeast-1 UNREACHABLE-OR-SILENT
[2026-07-27 17:24:50] 🔴 ALERT only 0/4 nodes reporting
[2026-07-27 17:30:50] iter=245 (t-ops sampler)
  node0/us-east-1 UNREACHABLE-OR-SILENT
  node1/eu-west-1 UNREACHABLE-OR-SILENT
  node2/ap-southeast-1 UNREACHABLE-OR-SILENT
  node3/ap-northeast-1 UNREACHABLE-OR-SILENT
[2026-07-27 17:30:50] 🔴 ALERT only 0/4 nodes reporting
[2026-07-27 17:36:50] iter=246 (t-ops sampler)
  node0/us-east-1 UNREACHABLE-OR-SILENT
  node1/eu-west-1 UNREACHABLE-OR-SILENT
  node2/ap-southeast-1 UNREACHABLE-OR-SILENT
  node3/ap-northeast-1 UNREACHABLE-OR-SILENT
[2026-07-27 17:36:50] 🔴 ALERT only 0/4 nodes reporting
[2026-07-27 17:42:50] iter=247 (t-ops sampler)
  node0/us-east-1 UNREACHABLE-OR-SILENT
  node1/eu-west-1 UNREACHABLE-OR-SILENT
  node2/ap-southeast-1 UNREACHABLE-OR-SILENT
  node3/ap-northeast-1 UNREACHABLE-OR-SILENT
[2026-07-27 17:42:50] 🔴 ALERT only 0/4 nodes reporting
[2026-07-27 17:48:50] iter=248 (t-ops sampler)
  node0/us-east-1 UNREACHABLE-OR-SILENT
  node1/eu-west-1 UNREACHABLE-OR-SILENT
  node2/ap-southeast-1 UNREACHABLE-OR-SILENT
  node3/ap-northeast-1 UNREACHABLE-OR-SILENT
[2026-07-27 17:48:50] 🔴 ALERT only 0/4 nodes reporting
[2026-07-27 17:54:51] iter=249 (t-ops sampler)
  node0/us-east-1 UNREACHABLE-OR-SILENT
  node1/eu-west-1 UNREACHABLE-OR-SILENT
  node2/ap-southeast-1 UNREACHABLE-OR-SILENT
  node3/ap-northeast-1 UNREACHABLE-OR-SILENT
[2026-07-27 17:54:51] 🔴 ALERT only 0/4 nodes reporting
[2026-07-27 18:00:51] iter=250 (t-ops sampler)
  node0/us-east-1 UNREACHABLE-OR-SILENT
  node1/eu-west-1 UNREACHABLE-OR-SILENT
  node2/ap-southeast-1 UNREACHABLE-OR-SILENT
  node3/ap-northeast-1 UNREACHABLE-OR-SILENT
[2026-07-27 18:00:51] 🔴 ALERT only 0/4 nodes reporting
[2026-07-27 18:06:51] iter=251 (t-ops sampler)
  node0/us-east-1 UNREACHABLE-OR-SILENT
  node1/eu-west-1 UNREACHABLE-OR-SILENT
  node2/ap-southeast-1 UNREACHABLE-OR-SILENT
  node3/ap-northeast-1 UNREACHABLE-OR-SILENT
[2026-07-27 18:06:51] 🔴 ALERT only 0/4 nodes reporting
[2026-07-27 18:12:51] iter=252 (t-ops sampler)
  node0/us-east-1 UNREACHABLE-OR-SILENT
  node1/eu-west-1 UNREACHABLE-OR-SILENT
  node2/ap-southeast-1 UNREACHABLE-OR-SILENT
  node3/ap-northeast-1 UNREACHABLE-OR-SILENT
[2026-07-27 18:12:51] 🔴 ALERT only 0/4 nodes reporting
[2026-07-27 18:18:51] iter=253 (t-ops sampler)
  node0/us-east-1 UNREACHABLE-OR-SILENT
  node1/eu-west-1 UNREACHABLE-OR-SILENT
  node2/ap-southeast-1 UNREACHABLE-OR-SILENT
  node3/ap-northeast-1 UNREACHABLE-OR-SILENT
[2026-07-27 18:18:51] 🔴 ALERT only 0/4 nodes reporting
[2026-07-27 18:24:51] iter=254 (t-ops sampler)
  node0/us-east-1 UNREACHABLE-OR-SILENT
  node1/eu-west-1 UNREACHABLE-OR-SILENT
  node2/ap-southeast-1 UNREACHABLE-OR-SILENT
  node3/ap-northeast-1 UNREACHABLE-OR-SILENT
[2026-07-27 18:24:51] 🔴 ALERT only 0/4 nodes reporting
[2026-07-27 18:48:46] iter=255 (t-ops sampler)
  node0/us-east-1 UNREACHABLE-OR-SILENT
  node1/eu-west-1 UNREACHABLE-OR-SILENT
  node2/ap-southeast-1 UNREACHABLE-OR-SILENT
  node3/ap-northeast-1 UNREACHABLE-OR-SILENT
[2026-07-27 18:48:46] 🔴 ALERT only 0/4 nodes reporting
[2026-07-27 19:23:22] iter=256 (t-ops sampler)
  node0/us-east-1 TELEMETRY tip=1383 final=1376 stall=7 age_s=480 diff=2262 peers=6 mempool=0 epoch=1 regime=Final
  node1/eu-west-1 TELEMETRY tip=1383 final=1376 stall=7 age_s=480 diff=2262 peers=6 mempool=0 epoch=1 regime=Final
  node2/ap-southeast-1 TELEMETRY tip=1382 final=1376 stall=6 age_s=376 diff=2261 peers=6 mempool=0 epoch=1 regime=Final
  node3/ap-northeast-1 TELEMETRY tip=1383 final=1376 stall=7 age_s=480 diff=2262 peers=6 mempool=0 epoch=1 regime=Final
[2026-07-27 19:23:22] 🎯 EPOCH BOUNDARY CROSSED at WAN pacing — epochs: 1 1 1 1
[2026-07-27 19:28:33] iter=257 (t-ops sampler)
  node0/us-east-1 TELEMETRY tip=1388 final=1384 stall=4 age_s=213 diff=2245 peers=6 mempool=0 epoch=1 regime=Final
  node1/eu-west-1 TELEMETRY tip=1388 final=1384 stall=4 age_s=240 diff=2245 peers=6 mempool=0 epoch=1 regime=Final
  node2/ap-southeast-1 TELEMETRY tip=1388 final=1384 stall=4 age_s=248 diff=2245 peers=6 mempool=0 epoch=1 regime=Final
  node3/ap-northeast-1 TELEMETRY tip=1387 final=1384 stall=3 age_s=151 diff=2222 peers=6 mempool=0 epoch=1 regime=Final
[2026-07-27 19:28:33] 🎯 EPOCH BOUNDARY CROSSED at WAN pacing — epochs: 1 1 1 1
[2026-07-27 19:33:44] iter=258 (t-ops sampler)
  node0/us-east-1 TELEMETRY tip=1391 final=1384 stall=7 age_s=425 diff=2240 peers=6 mempool=0 epoch=1 regime=Final
  node1/eu-west-1 TELEMETRY tip=1389 final=1384 stall=5 age_s=339 diff=2241 peers=6 mempool=0 epoch=1 regime=Final
  node2/ap-southeast-1 TELEMETRY tip=1392 final=1384 stall=8 age_s=525 diff=2238 peers=6 mempool=0 epoch=1 regime=Final
  node3/ap-northeast-1 TELEMETRY tip=1391 final=1384 stall=7 age_s=479 diff=2240 peers=6 mempool=0 epoch=1 regime=Final
[2026-07-27 19:33:44] 🎯 EPOCH BOUNDARY CROSSED at WAN pacing — epochs: 1 1 1 1
[2026-07-27 19:38:54] iter=259 (t-ops sampler)
  node0/us-east-1 TELEMETRY tip=1397 final=1392 stall=5 age_s=283 diff=2288 peers=6 mempool=0 epoch=1 regime=Final
  node1/eu-west-1 TELEMETRY tip=1397 final=1392 stall=5 age_s=283 diff=2288 peers=6 mempool=0 epoch=1 regime=Final
  node2/ap-southeast-1 TELEMETRY tip=1398 final=1392 stall=6 age_s=349 diff=2302 peers=6 mempool=0 epoch=1 regime=Final
  node3/ap-northeast-1 TELEMETRY tip=1397 final=1392 stall=5 age_s=283 diff=2288 peers=6 mempool=0 epoch=1 regime=Final
[2026-07-27 19:38:54] 🎯 EPOCH BOUNDARY CROSSED at WAN pacing — epochs: 1 1 1 1
[2026-07-27 19:44:04] iter=260 (t-ops sampler)
  node0/us-east-1 TELEMETRY tip=1402 final=1400 stall=2 age_s=121 diff=2309 peers=6 mempool=0 epoch=1 regime=Final
  node1/eu-west-1 TELEMETRY tip=1402 final=1392 stall=10 age_s=645 diff=2309 peers=6 mempool=0 epoch=1 regime=Final
  node2/ap-southeast-1 TELEMETRY tip=1402 final=1400 stall=2 age_s=121 diff=2309 peers=6 mempool=0 epoch=1 regime=Final
  node3/ap-northeast-1 TELEMETRY tip=1402 final=1400 stall=2 age_s=121 diff=2309 peers=6 mempool=0 epoch=1 regime=Final
[2026-07-27 19:44:04] 🎯 EPOCH BOUNDARY CROSSED at WAN pacing — epochs: 1 1 1 1
[2026-07-27 19:49:14] iter=261 (t-ops sampler)
  node0/us-east-1 TELEMETRY tip=1403 final=1400 stall=3 age_s=251 diff=2328 peers=6 mempool=0 epoch=1 regime=Final
  node1/eu-west-1 TELEMETRY tip=1406 final=1400 stall=6 age_s=494 diff=2286 peers=6 mempool=0 epoch=1 regime=Final
  node2/ap-southeast-1 TELEMETRY tip=1405 final=1400 stall=5 age_s=423 diff=2259 peers=6 mempool=0 epoch=1 regime=Final
  node3/ap-northeast-1 TELEMETRY tip=1405 final=1400 stall=5 age_s=423 diff=2259 peers=6 mempool=0 epoch=1 regime=Final
[2026-07-27 19:49:14] 🎯 EPOCH BOUNDARY CROSSED at WAN pacing — epochs: 1 1 1 1
[2026-07-27 19:54:25] iter=262 (t-ops sampler)
  node0/us-east-1 TELEMETRY tip=1408 final=1400 stall=8 age_s=689 diff=2278 peers=6 mempool=0 epoch=1 regime=Final
  node1/eu-west-1 TELEMETRY tip=1408 final=1400 stall=8 age_s=721 diff=2278 peers=6 mempool=0 epoch=1 regime=Final
  node2/ap-southeast-1 TELEMETRY tip=1408 final=1400 stall=8 age_s=723 diff=2278 peers=6 mempool=0 epoch=1 regime=Final
  node3/ap-northeast-1 TELEMETRY tip=1407 final=1400 stall=7 age_s=525 diff=2288 peers=6 mempool=0 epoch=1 regime=Final
[2026-07-27 19:54:25] 🎯 EPOCH BOUNDARY CROSSED at WAN pacing — epochs: 1 1 1 1
[2026-07-27 19:59:35] iter=263 (t-ops sampler)
  node0/us-east-1 TELEMETRY tip=1413 final=1400 stall=13 age_s=1125 diff=2203 peers=6 mempool=0 epoch=1 regime=Final
  node1/eu-west-1 TELEMETRY tip=1413 final=1400 stall=13 age_s=1125 diff=2203 peers=6 mempool=0 epoch=1 regime=Final
  node2/ap-southeast-1 TELEMETRY tip=1409 final=1400 stall=9 age_s=901 diff=2239 peers=6 mempool=0 epoch=1 regime=Final
  node3/ap-northeast-1 TELEMETRY tip=1413 final=1400 stall=13 age_s=1125 diff=2203 peers=6 mempool=0 epoch=1 regime=Final
[2026-07-27 19:59:35] ⚠️  tip spread 1409..1413 (>3 blocks — watch for a fork)
[2026-07-27 19:59:35] 🎯 EPOCH BOUNDARY CROSSED at WAN pacing — epochs: 1 1 1 1
[2026-07-27 20:04:45] iter=264 (t-ops sampler)
  node0/us-east-1 TELEMETRY tip=1414 final=1400 stall=14 age_s=1197 diff=2233 peers=6 mempool=0 epoch=1 regime=Final
  node1/eu-west-1 TELEMETRY tip=1416 final=1400 stall=16 age_s=1460 diff=2176 peers=6 mempool=0 epoch=1 regime=Final
  node2/ap-southeast-1 TELEMETRY tip=1416 final=1400 stall=16 age_s=1414 diff=2176 peers=6 mempool=0 epoch=1 regime=Final
  node3/ap-northeast-1 TELEMETRY tip=1415 final=1400 stall=15 age_s=1391 diff=2233 peers=6 mempool=0 epoch=1 regime=Final
[2026-07-27 20:04:45] 🎯 EPOCH BOUNDARY CROSSED at WAN pacing — epochs: 1 1 1 1
[2026-07-27 20:09:55] iter=265 (t-ops sampler)
  node0/us-east-1 TELEMETRY tip=1420 final=1416 stall=4 age_s=300 diff=2174 peers=6 mempool=0 epoch=1 regime=Final
  node1/eu-west-1 TELEMETRY tip=1419 final=1416 stall=3 age_s=237 diff=2207 peers=6 mempool=0 epoch=1 regime=Final
  node2/ap-southeast-1 TELEMETRY tip=1417 final=1400 stall=17 age_s=1475 diff=2179 peers=6 mempool=0 epoch=1 regime=Degraded
  node3/ap-northeast-1 TELEMETRY tip=1418 final=1400 stall=18 age_s=1541 diff=2208 peers=6 mempool=0 epoch=1 regime=Degraded
[2026-07-27 20:09:55] 🎯 EPOCH BOUNDARY CROSSED at WAN pacing — epochs: 1 1 1 1
[2026-07-27 20:15:05] iter=266 (t-ops sampler)
  node0/us-east-1 TELEMETRY tip=1421 final=1416 stall=5 age_s=318 diff=2179 peers=6 mempool=0 epoch=1 regime=Final
  node1/eu-west-1 TELEMETRY tip=1423 final=1416 stall=7 age_s=461 diff=2192 peers=6 mempool=0 epoch=1 regime=Final
  node2/ap-southeast-1 TELEMETRY tip=1424 final=1416 stall=8 age_s=558 diff=2210 peers=6 mempool=0 epoch=1 regime=Final
  node3/ap-northeast-1 TELEMETRY tip=1423 final=1416 stall=7 age_s=461 diff=2192 peers=6 mempool=0 epoch=1 regime=Final
[2026-07-27 20:15:05] 🎯 EPOCH BOUNDARY CROSSED at WAN pacing — epochs: 1 1 1 1
[2026-07-27 20:20:16] iter=267 (t-ops sampler)
  node0/us-east-1 TELEMETRY tip=1426 final=1416 stall=10 age_s=739 diff=2165 peers=6 mempool=0 epoch=1 regime=Final
  node1/eu-west-1 TELEMETRY tip=1426 final=1416 stall=10 age_s=739 diff=2165 peers=6 mempool=0 epoch=1 regime=Final
  node2/ap-southeast-1 TELEMETRY tip=1427 final=1416 stall=11 age_s=887 diff=2185 peers=6 mempool=0 epoch=1 regime=Final
  node3/ap-northeast-1 TELEMETRY tip=1426 final=1416 stall=10 age_s=739 diff=2165 peers=6 mempool=0 epoch=1 regime=Final
[2026-07-27 20:20:16] 🎯 EPOCH BOUNDARY CROSSED at WAN pacing — epochs: 1 1 1 1
[2026-07-27 20:25:27] iter=268 (t-ops sampler)
  node0/us-east-1 TELEMETRY tip=1430 final=1416 stall=14 age_s=1211 diff=2117 peers=6 mempool=0 epoch=1 regime=Final
  node1/eu-west-1 TELEMETRY tip=1430 final=1416 stall=14 age_s=1154 diff=2117 peers=6 mempool=0 epoch=1 regime=Final
  node2/ap-southeast-1 TELEMETRY tip=1430 final=1416 stall=14 age_s=1211 diff=2117 peers=6 mempool=0 epoch=1 regime=Final
  node3/ap-northeast-1 TELEMETRY tip=1430 final=1416 stall=14 age_s=1181 diff=2117 peers=6 mempool=0 epoch=1 regime=Final
[2026-07-27 20:25:27] 🎯 EPOCH BOUNDARY CROSSED at WAN pacing — epochs: 1 1 1 1
[2026-07-27 20:30:37] iter=269 (t-ops sampler)
  node0/us-east-1 TELEMETRY tip=1432 final=1416 stall=16 age_s=1441 diff=2095 peers=6 mempool=0 epoch=1 regime=Final
  node1/eu-west-1 TELEMETRY tip=1432 final=1416 stall=16 age_s=1405 diff=2095 peers=6 mempool=0 epoch=1 regime=Final
  node2/ap-southeast-1 TELEMETRY tip=1432 final=1416 stall=16 age_s=1441 diff=2095 peers=6 mempool=0 epoch=1 regime=Final
  node3/ap-northeast-1 TELEMETRY tip=1431 final=1416 stall=15 age_s=1309 diff=2131 peers=6 mempool=0 epoch=1 regime=Final
[2026-07-27 20:30:37] 🎯 EPOCH BOUNDARY CROSSED at WAN pacing — epochs: 1 1 1 1
[2026-07-27 20:35:47] iter=270 (t-ops sampler)
  node0/us-east-1 TELEMETRY tip=1437 final=1416 stall=21 age_s=1816 diff=2050 peers=6 mempool=0 epoch=1 regime=Degraded
  node1/eu-west-1 TELEMETRY tip=1437 final=1416 stall=21 age_s=1816 diff=2050 peers=6 mempool=0 epoch=1 regime=Degraded
  node2/ap-southeast-1 TELEMETRY tip=1436 final=1416 stall=20 age_s=1788 diff=2037 peers=6 mempool=0 epoch=1 regime=Degraded
  node3/ap-northeast-1 TELEMETRY tip=1437 final=1416 stall=21 age_s=1816 diff=2050 peers=6 mempool=0 epoch=1 regime=Degraded
[2026-07-27 20:35:47] 🎯 EPOCH BOUNDARY CROSSED at WAN pacing — epochs: 1 1 1 1
[2026-07-27 20:40:57] iter=271 (t-ops sampler)
  node0/us-east-1 TELEMETRY tip=1441 final=1416 stall=25 age_s=2131 diff=2046 peers=6 mempool=0 epoch=1 regime=Degraded
  node1/eu-west-1 TELEMETRY tip=1440 final=1416 stall=24 age_s=2057 diff=2052 peers=6 mempool=0 epoch=1 regime=Degraded
  node2/ap-southeast-1 TELEMETRY tip=1441 final=1416 stall=25 age_s=2131 diff=2046 peers=6 mempool=0 epoch=1 regime=Degraded
  node3/ap-northeast-1 TELEMETRY tip=1441 final=1416 stall=25 age_s=2131 diff=2046 peers=6 mempool=0 epoch=1 regime=Degraded
[2026-07-27 20:40:57] 🎯 EPOCH BOUNDARY CROSSED at WAN pacing — epochs: 1 1 1 1
[2026-07-27 20:46:08] iter=272 (t-ops sampler)
  node0/us-east-1 TELEMETRY tip=1444 final=1416 stall=28 age_s=2402 diff=2052 peers=6 mempool=0 epoch=1 regime=Degraded
  node1/eu-west-1 TELEMETRY tip=1444 final=1416 stall=28 age_s=2407 diff=2052 peers=6 mempool=0 epoch=1 regime=Degraded
  node2/ap-southeast-1 TELEMETRY tip=1444 final=1416 stall=28 age_s=2391 diff=2052 peers=6 mempool=0 epoch=1 regime=Degraded
  node3/ap-northeast-1 TELEMETRY tip=1444 final=1416 stall=28 age_s=2402 diff=2052 peers=6 mempool=0 epoch=1 regime=Degraded
[2026-07-27 20:46:08] 🎯 EPOCH BOUNDARY CROSSED at WAN pacing — epochs: 1 1 1 1
[2026-07-27 20:51:18] iter=273 (t-ops sampler)
  node0/us-east-1 TELEMETRY tip=1450 final=1416 stall=34 age_s=2753 diff=2080 peers=6 mempool=0 epoch=1 regime=Degraded
  node1/eu-west-1 TELEMETRY tip=1450 final=1416 stall=34 age_s=2765 diff=2080 peers=6 mempool=0 epoch=1 regime=Degraded
  node2/ap-southeast-1 TELEMETRY tip=1450 final=1416 stall=34 age_s=2753 diff=2080 peers=6 mempool=0 epoch=1 regime=Degraded
  node3/ap-northeast-1 TELEMETRY tip=1450 final=1416 stall=34 age_s=2753 diff=2080 peers=6 mempool=0 epoch=1 regime=Degraded
[2026-07-27 20:51:18] 🎯 EPOCH BOUNDARY CROSSED at WAN pacing — epochs: 1 1 1 1
[2026-07-27 20:56:28] iter=274 (t-ops sampler)
  node0/us-east-1 TELEMETRY tip=1452 final=1416 stall=36 age_s=2859 diff=2099 peers=6 mempool=0 epoch=1 regime=Degraded
  node1/eu-west-1 TELEMETRY tip=1454 final=1416 stall=38 age_s=3052 diff=2091 peers=6 mempool=0 epoch=1 regime=Degraded
  node2/ap-southeast-1 TELEMETRY tip=1452 final=1416 stall=36 age_s=2841 diff=2099 peers=6 mempool=0 epoch=1 regime=Degraded
  node3/ap-northeast-1 TELEMETRY tip=1454 final=1416 stall=38 age_s=3052 diff=2091 peers=6 mempool=0 epoch=1 regime=Degraded
[2026-07-27 20:56:28] 🎯 EPOCH BOUNDARY CROSSED at WAN pacing — epochs: 1 1 1 1
[2026-07-27 21:01:39] iter=275 (t-ops sampler)
  node0/us-east-1 TELEMETRY tip=1458 final=1456 stall=2 age_s=110 diff=2070 peers=6 mempool=0 epoch=1 regime=Final
  node1/eu-west-1 TELEMETRY tip=1456 final=1416 stall=40 age_s=3298 diff=2084 peers=6 mempool=0 epoch=1 regime=Degraded
  node2/ap-southeast-1 TELEMETRY tip=1457 final=1416 stall=41 age_s=3317 diff=2062 peers=6 mempool=0 epoch=1 regime=Degraded
  node3/ap-northeast-1 TELEMETRY tip=1458 final=1456 stall=2 age_s=110 diff=2070 peers=6 mempool=0 epoch=1 regime=Final
[2026-07-27 21:01:39] 🎯 EPOCH BOUNDARY CROSSED at WAN pacing — epochs: 1 1 1 1
[2026-07-27 21:06:49] iter=276 (t-ops sampler)
  node0/us-east-1 TELEMETRY tip=1458 final=1456 stall=2 age_s=110 diff=2070 peers=6 mempool=0 epoch=1 regime=Final
  node1/eu-west-1 TELEMETRY tip=1463 final=1456 stall=7 age_s=416 diff=2120 peers=6 mempool=0 epoch=1 regime=Final
  node2/ap-southeast-1 TELEMETRY tip=1462 final=1456 stall=6 age_s=320 diff=2108 peers=6 mempool=0 epoch=1 regime=Final
  node3/ap-northeast-1 TELEMETRY tip=1463 final=1456 stall=7 age_s=354 diff=2120 peers=6 mempool=0 epoch=1 regime=Final
[2026-07-27 21:06:49] ⚠️  tip spread 1458..1463 (>3 blocks — watch for a fork)
[2026-07-27 21:06:49] 🎯 EPOCH BOUNDARY CROSSED at WAN pacing — epochs: 1 1 1 1
[2026-07-27 21:12:00] iter=277 (t-ops sampler)
  node0/us-east-1 TELEMETRY tip=1466 final=1464 stall=2 age_s=208 diff=2098 peers=6 mempool=0 epoch=1 regime=Final
  node1/eu-west-1 TELEMETRY tip=1466 final=1464 stall=2 age_s=208 diff=2098 peers=6 mempool=0 epoch=1 regime=Final
  node2/ap-southeast-1 TELEMETRY tip=1466 final=1464 stall=2 age_s=208 diff=2098 peers=6 mempool=0 epoch=1 regime=Final
  node3/ap-northeast-1 TELEMETRY tip=1466 final=1464 stall=2 age_s=208 diff=2098 peers=6 mempool=0 epoch=1 regime=Final
[2026-07-27 21:12:00] 🎯 EPOCH BOUNDARY CROSSED at WAN pacing — epochs: 1 1 1 1
[2026-07-27 21:17:10] iter=278 (t-ops sampler)
  node0/us-east-1 TELEMETRY tip=1469 final=1464 stall=5 age_s=401 diff=2107 peers=6 mempool=0 epoch=1 regime=Final
  node1/eu-west-1 TELEMETRY tip=1470 final=1464 stall=6 age_s=499 diff=2117 peers=6 mempool=0 epoch=1 regime=Final
  node2/ap-southeast-1 TELEMETRY tip=1470 final=1464 stall=6 age_s=499 diff=2117 peers=6 mempool=0 epoch=1 regime=Final
  node3/ap-northeast-1 TELEMETRY tip=1470 final=1464 stall=6 age_s=499 diff=2117 peers=6 mempool=0 epoch=1 regime=Final
[2026-07-27 21:17:10] 🎯 EPOCH BOUNDARY CROSSED at WAN pacing — epochs: 1 1 1 1
[2026-07-27 21:22:21] iter=279 (t-ops sampler)
  node0/us-east-1 TELEMETRY tip=1473 final=1464 stall=9 age_s=764 diff=2037 peers=6 mempool=0 epoch=1 regime=Final
  node1/eu-west-1 TELEMETRY tip=1474 final=1472 stall=2 age_s=31 diff=2062 peers=6 mempool=0 epoch=1 regime=Final
  node2/ap-southeast-1 TELEMETRY tip=1475 final=1472 stall=3 age_s=93 diff=2088 peers=6 mempool=0 epoch=1 regime=Final
  node3/ap-northeast-1 TELEMETRY tip=1475 final=1472 stall=3 age_s=93 diff=2088 peers=6 mempool=0 epoch=1 regime=Final
[2026-07-27 21:22:21] 🎯 EPOCH BOUNDARY CROSSED at WAN pacing — epochs: 1 1 1 1
[2026-07-27 21:27:33] iter=280 (t-ops sampler)
  node0/us-east-1 TELEMETRY tip=1479 final=1472 stall=7 age_s=344 diff=2137 peers=6 mempool=0 epoch=1 regime=Final
  node1/eu-west-1 TELEMETRY tip=1479 final=1472 stall=7 age_s=344 diff=2137 peers=6 mempool=0 epoch=1 regime=Final
  node2/ap-southeast-1 TELEMETRY tip=1479 final=1472 stall=7 age_s=344 diff=2137 peers=6 mempool=0 epoch=1 regime=Final
  node3/ap-northeast-1 TELEMETRY tip=1479 final=1472 stall=7 age_s=344 diff=2137 peers=6 mempool=0 epoch=1 regime=Final
[2026-07-27 21:27:33] 🎯 EPOCH BOUNDARY CROSSED at WAN pacing — epochs: 1 1 1 1
[2026-07-27 21:32:45] iter=281 (t-ops sampler)
  node0/us-east-1 TELEMETRY tip=1480 final=1472 stall=8 age_s=435 diff=2116 peers=6 mempool=0 epoch=1 regime=Final
  node1/eu-west-1 TELEMETRY tip=1482 final=1472 stall=10 age_s=731 diff=2071 peers=6 mempool=0 epoch=1 regime=Final
  node2/ap-southeast-1 TELEMETRY tip=1481 final=1472 stall=9 age_s=595 diff=2134 peers=6 mempool=0 epoch=1 regime=Final
  node3/ap-northeast-1 TELEMETRY tip=1482 final=1472 stall=10 age_s=731 diff=2071 peers=6 mempool=0 epoch=1 regime=Final
[2026-07-27 21:32:45] 🎯 EPOCH BOUNDARY CROSSED at WAN pacing — epochs: 1 1 1 1
[2026-07-27 21:37:57] iter=282 (t-ops sampler)
  node0/us-east-1 TELEMETRY tip=1486 final=1472 stall=14 age_s=985 diff=2073 peers=6 mempool=0 epoch=1 regime=Final
  node1/eu-west-1 TELEMETRY tip=1486 final=1472 stall=14 age_s=997 diff=2067 peers=6 mempool=0 epoch=1 regime=Final
  node2/ap-southeast-1 TELEMETRY tip=1486 final=1472 stall=14 age_s=949 diff=2073 peers=6 mempool=0 epoch=1 regime=Final
  node3/ap-northeast-1 TELEMETRY tip=1486 final=1472 stall=14 age_s=949 diff=2073 peers=6 mempool=0 epoch=1 regime=Final
[2026-07-27 21:37:57] 🎯 EPOCH BOUNDARY CROSSED at WAN pacing — epochs: 1 1 1 1
[2026-07-27 21:43:09] iter=283 (t-ops sampler)
  node0/us-east-1 TELEMETRY tip=1489 final=1472 stall=17 age_s=1177 diff=2066 peers=6 mempool=0 epoch=1 regime=Degraded
  node1/eu-west-1 TELEMETRY tip=1489 final=1472 stall=17 age_s=1177 diff=2066 peers=6 mempool=0 epoch=1 regime=Degraded
  node2/ap-southeast-1 TELEMETRY tip=1489 final=1472 stall=17 age_s=1177 diff=2066 peers=6 mempool=0 epoch=1 regime=Degraded
  node3/ap-northeast-1 TELEMETRY tip=1490 final=1472 stall=18 age_s=1258 diff=2080 peers=6 mempool=0 epoch=1 regime=Degraded
[2026-07-27 21:43:09] 🎯 EPOCH BOUNDARY CROSSED at WAN pacing — epochs: 1 1 1 1
[2026-07-27 21:48:19] iter=284 (t-ops sampler)
  node0/us-east-1 TELEMETRY tip=1494 final=1488 stall=6 age_s=468 diff=2045 peers=6 mempool=0 epoch=1 regime=Final
  node1/eu-west-1 TELEMETRY tip=1494 final=1488 stall=6 age_s=468 diff=2045 peers=6 mempool=0 epoch=1 regime=Final
  node2/ap-southeast-1 TELEMETRY tip=1494 final=1488 stall=6 age_s=521 diff=2045 peers=6 mempool=0 epoch=1 regime=Final
  node3/ap-northeast-1 TELEMETRY tip=1494 final=1488 stall=6 age_s=511 diff=2045 peers=6 mempool=0 epoch=1 regime=Final
[2026-07-27 21:48:19] 🎯 EPOCH BOUNDARY CROSSED at WAN pacing — epochs: 1 1 1 1
[2026-07-27 21:53:30] iter=285 (t-ops sampler)
  node0/us-east-1 TELEMETRY tip=1496 final=1488 stall=8 age_s=706 diff=2031 peers=6 mempool=0 epoch=1 regime=Final
  node1/eu-west-1 TELEMETRY tip=1498 final=1488 stall=10 age_s=800 diff=2020 peers=6 mempool=0 epoch=1 regime=Final
  node2/ap-southeast-1 TELEMETRY tip=1498 final=1488 stall=10 age_s=800 diff=2020 peers=6 mempool=0 epoch=1 regime=Final
  node3/ap-northeast-1 TELEMETRY tip=1498 final=1488 stall=10 age_s=800 diff=2020 peers=6 mempool=0 epoch=1 regime=Final
[2026-07-27 21:53:30] 🎯 EPOCH BOUNDARY CROSSED at WAN pacing — epochs: 1 1 1 1
[2026-07-27 21:58:41] iter=286 (t-ops sampler)
  node0/us-east-1 TELEMETRY tip=1500 final=1488 stall=12 age_s=1011 diff=2040 peers=6 mempool=0 epoch=1 regime=Final
  node1/eu-west-1 TELEMETRY tip=1501 final=1488 stall=13 age_s=1146 diff=2018 peers=6 mempool=0 epoch=1 regime=Final
  node2/ap-southeast-1 TELEMETRY tip=1500 final=1488 stall=12 age_s=1011 diff=2040 peers=6 mempool=0 epoch=1 regime=Final
  node3/ap-northeast-1 TELEMETRY tip=1500 final=1488 stall=12 age_s=968 diff=2040 peers=6 mempool=0 epoch=1 regime=Final
[2026-07-27 21:58:41] 🎯 EPOCH BOUNDARY CROSSED at WAN pacing — epochs: 1 1 1 1
[2026-07-27 22:03:52] iter=287 (t-ops sampler)
  node0/us-east-1 TELEMETRY tip=1505 final=1488 stall=17 age_s=1356 diff=2022 peers=6 mempool=0 epoch=1 regime=Degraded
  node1/eu-west-1 TELEMETRY tip=1506 final=1488 stall=18 age_s=1422 diff=2031 peers=6 mempool=0 epoch=1 regime=Degraded
  node2/ap-southeast-1 TELEMETRY tip=1505 final=1488 stall=17 age_s=1356 diff=2022 peers=6 mempool=0 epoch=1 regime=Degraded
  node3/ap-northeast-1 TELEMETRY tip=1506 final=1488 stall=18 age_s=1457 diff=2031 peers=6 mempool=0 epoch=1 regime=Degraded
[2026-07-27 22:03:52] 🎯 EPOCH BOUNDARY CROSSED at WAN pacing — epochs: 1 1 1 1
[2026-07-27 22:09:02] iter=288 (t-ops sampler)
  node0/us-east-1 TELEMETRY tip=1508 final=1488 stall=20 age_s=1654 diff=2019 peers=6 mempool=0 epoch=1 regime=Degraded
  node1/eu-west-1 TELEMETRY tip=1508 final=1488 stall=20 age_s=1654 diff=2019 peers=6 mempool=0 epoch=1 regime=Degraded
  node2/ap-southeast-1 TELEMETRY tip=1508 final=1488 stall=20 age_s=1648 diff=2019 peers=6 mempool=0 epoch=1 regime=Degraded
  node3/ap-northeast-1 TELEMETRY tip=1508 final=1488 stall=20 age_s=1582 diff=2019 peers=6 mempool=0 epoch=1 regime=Degraded
[2026-07-27 22:09:02] 🎯 EPOCH BOUNDARY CROSSED at WAN pacing — epochs: 1 1 1 1
[2026-07-27 22:14:13] iter=289 (t-ops sampler)
  node0/us-east-1 TELEMETRY tip=1511 final=1488 stall=23 age_s=2019 diff=1947 peers=6 mempool=0 epoch=1 regime=Degraded
  node1/eu-west-1 TELEMETRY tip=1511 final=1488 stall=23 age_s=2027 diff=1947 peers=6 mempool=0 epoch=1 regime=Degraded
  node2/ap-southeast-1 TELEMETRY tip=1510 final=1488 stall=22 age_s=1936 diff=1988 peers=6 mempool=0 epoch=1 regime=Degraded
  node3/ap-northeast-1 TELEMETRY tip=1511 final=1488 stall=23 age_s=1997 diff=1947 peers=6 mempool=0 epoch=1 regime=Degraded
[2026-07-27 22:14:13] 🎯 EPOCH BOUNDARY CROSSED at WAN pacing — epochs: 1 1 1 1
[2026-07-27 22:19:23] iter=290 (t-ops sampler)
  node0/us-east-1 TELEMETRY tip=1515 final=1512 stall=3 age_s=228 diff=1931 peers=6 mempool=0 epoch=1 regime=Final
  node1/eu-west-1 TELEMETRY tip=1513 final=1488 stall=25 age_s=2204 diff=1904 peers=6 mempool=0 epoch=1 regime=Degraded
  node2/ap-southeast-1 TELEMETRY tip=1515 final=1512 stall=3 age_s=228 diff=1931 peers=6 mempool=0 epoch=1 regime=Final
  node3/ap-northeast-1 TELEMETRY tip=1514 final=1488 stall=26 age_s=2311 diff=1930 peers=6 mempool=0 epoch=1 regime=Degraded
[2026-07-27 22:19:23] 🎯 EPOCH BOUNDARY CROSSED at WAN pacing — epochs: 1 1 1 1
[2026-07-27 22:24:40] iter=291 (t-ops sampler)
  node0/us-east-1 TELEMETRY tip=1516 final=1512 stall=4 age_s=314 diff=1903 peers=6 mempool=0 epoch=1 regime=Final
  node1/eu-west-1 TELEMETRY tip=1517 final=1512 stall=5 age_s=353 diff=1899 peers=6 mempool=0 epoch=1 regime=Final
  node2/ap-southeast-1 TELEMETRY tip=1517 final=1512 stall=5 age_s=411 diff=1907 peers=6 mempool=0 epoch=1 regime=Final
  node3/ap-northeast-1 TELEMETRY tip=1517 final=1512 stall=5 age_s=353 diff=1899 peers=6 mempool=0 epoch=1 regime=Final
[2026-07-27 22:24:40] 🎯 EPOCH BOUNDARY CROSSED at WAN pacing — epochs: 1 1 1 1
[2026-07-27 22:29:50] iter=292 (t-ops sampler)
  node0/us-east-1 TELEMETRY tip=1520 final=1512 stall=8 age_s=737 diff=1864 peers=6 mempool=0 epoch=1 regime=Final
  node1/eu-west-1 TELEMETRY tip=1520 final=1512 stall=8 age_s=699 diff=1864 peers=6 mempool=0 epoch=1 regime=Final
  node2/ap-southeast-1 TELEMETRY tip=1520 final=1512 stall=8 age_s=741 diff=1864 peers=6 mempool=0 epoch=1 regime=Final
  node3/ap-northeast-1 TELEMETRY tip=1520 final=1512 stall=8 age_s=748 diff=1864 peers=6 mempool=0 epoch=1 regime=Final
[2026-07-27 22:29:50] 🎯 EPOCH BOUNDARY CROSSED at WAN pacing — epochs: 1 1 1 1
[2026-07-27 22:35:00] iter=293 (t-ops sampler)
  node0/us-east-1 TELEMETRY tip=1522 final=1512 stall=10 age_s=887 diff=1836 peers=6 mempool=0 epoch=1 regime=Final
  node1/eu-west-1 TELEMETRY tip=1524 final=1512 stall=12 age_s=1095 diff=1837 peers=6 mempool=0 epoch=1 regime=Final
  node2/ap-southeast-1 TELEMETRY tip=1524 final=1512 stall=12 age_s=1095 diff=1837 peers=6 mempool=0 epoch=1 regime=Final
  node3/ap-northeast-1 TELEMETRY tip=1524 final=1512 stall=12 age_s=1095 diff=1837 peers=6 mempool=0 epoch=1 regime=Final
[2026-07-27 22:35:00] 🎯 EPOCH BOUNDARY CROSSED at WAN pacing — epochs: 1 1 1 1
[2026-07-27 22:40:11] iter=294 (t-ops sampler)
  node0/us-east-1 TELEMETRY tip=1526 final=1512 stall=14 age_s=1216 diff=1819 peers=6 mempool=0 epoch=1 regime=Final
  node1/eu-west-1 TELEMETRY tip=1530 final=1528 stall=2 age_s=105 diff=1854 peers=6 mempool=0 epoch=1 regime=Final
  node2/ap-southeast-1 TELEMETRY tip=1530 final=1528 stall=2 age_s=105 diff=1854 peers=6 mempool=0 epoch=1 regime=Final
  node3/ap-northeast-1 TELEMETRY tip=1530 final=1528 stall=2 age_s=105 diff=1854 peers=6 mempool=0 epoch=1 regime=Final
[2026-07-27 22:40:11] ⚠️  tip spread 1526..1530 (>3 blocks — watch for a fork)
[2026-07-27 22:40:11] 🎯 EPOCH BOUNDARY CROSSED at WAN pacing — epochs: 1 1 1 1
[2026-07-27 22:45:21] iter=295 (t-ops sampler)
  node0/us-east-1 TELEMETRY tip=1533 final=1528 stall=5 age_s=352 diff=1865 peers=6 mempool=0 epoch=1 regime=Final
  node1/eu-west-1 TELEMETRY tip=1533 final=1528 stall=5 age_s=352 diff=1865 peers=6 mempool=0 epoch=1 regime=Final
  node2/ap-southeast-1 TELEMETRY tip=1533 final=1528 stall=5 age_s=360 diff=1865 peers=6 mempool=0 epoch=1 regime=Final
  node3/ap-northeast-1 TELEMETRY tip=1533 final=1528 stall=5 age_s=279 diff=1865 peers=6 mempool=0 epoch=1 regime=Final
[2026-07-27 22:45:21] 🎯 EPOCH BOUNDARY CROSSED at WAN pacing — epochs: 1 1 1 1
[2026-07-27 22:50:31] iter=296 (t-ops sampler)
  node0/us-east-1 TELEMETRY tip=1537 final=1528 stall=9 age_s=644 diff=1840 peers=6 mempool=0 epoch=1 regime=Final
  node1/eu-west-1 TELEMETRY tip=1538 final=1528 stall=10 age_s=726 diff=1863 peers=6 mempool=0 epoch=1 regime=Final
  node2/ap-southeast-1 TELEMETRY tip=1537 final=1528 stall=9 age_s=644 diff=1840 peers=6 mempool=0 epoch=1 regime=Final
  node3/ap-northeast-1 TELEMETRY tip=1537 final=1528 stall=9 age_s=644 diff=1840 peers=6 mempool=0 epoch=1 regime=Final
[2026-07-27 22:50:31] 🎯 EPOCH BOUNDARY CROSSED at WAN pacing — epochs: 1 1 1 1
[2026-07-27 22:55:42] iter=297 (t-ops sampler)
  node0/us-east-1 TELEMETRY tip=1542 final=1536 stall=6 age_s=318 diff=1882 peers=6 mempool=0 epoch=1 regime=Final
  node1/eu-west-1 TELEMETRY tip=1543 final=1536 stall=7 age_s=383 diff=1889 peers=6 mempool=0 epoch=1 regime=Final
  node2/ap-southeast-1 TELEMETRY tip=1543 final=1536 stall=7 age_s=383 diff=1889 peers=6 mempool=0 epoch=1 regime=Final
  node3/ap-northeast-1 TELEMETRY tip=1543 final=1536 stall=7 age_s=383 diff=1889 peers=6 mempool=0 epoch=1 regime=Final
[2026-07-27 22:55:42] 🎯 EPOCH BOUNDARY CROSSED at WAN pacing — epochs: 1 1 1 1
[2026-07-27 23:00:52] iter=298 (t-ops sampler)
  node0/us-east-1 TELEMETRY tip=1546 final=1536 stall=10 age_s=680 diff=1879 peers=6 mempool=0 epoch=1 regime=Final
  node1/eu-west-1 TELEMETRY tip=1546 final=1536 stall=10 age_s=680 diff=1879 peers=6 mempool=0 epoch=1 regime=Final
  node2/ap-southeast-1 TELEMETRY tip=1546 final=1536 stall=10 age_s=680 diff=1879 peers=6 mempool=0 epoch=1 regime=Final
  node3/ap-northeast-1 TELEMETRY tip=1545 final=1536 stall=9 age_s=570 diff=1902 peers=6 mempool=0 epoch=1 regime=Final
[2026-07-27 23:00:52] 🎯 EPOCH BOUNDARY CROSSED at WAN pacing — epochs: 1 1 1 1
[2026-07-27 23:06:03] iter=299 (t-ops sampler)
  node0/us-east-1 TELEMETRY tip=1550 final=1536 stall=14 age_s=1016 diff=1855 peers=6 mempool=0 epoch=1 regime=Final
  node1/eu-west-1 TELEMETRY tip=1550 final=1536 stall=14 age_s=977 diff=1855 peers=6 mempool=0 epoch=1 regime=Final
  node2/ap-southeast-1 TELEMETRY tip=1550 final=1536 stall=14 age_s=977 diff=1855 peers=6 mempool=0 epoch=1 regime=Final
  node3/ap-northeast-1 TELEMETRY tip=1550 final=1536 stall=14 age_s=977 diff=1855 peers=6 mempool=0 epoch=1 regime=Final
[2026-07-27 23:06:03] 🎯 EPOCH BOUNDARY CROSSED at WAN pacing — epochs: 1 1 1 1
[2026-07-27 23:11:13] iter=300 (t-ops sampler)
  node0/us-east-1 TELEMETRY tip=1553 final=1552 stall=1 age_s=86 diff=1872 peers=6 mempool=0 epoch=1 regime=Final
  node1/eu-west-1 TELEMETRY tip=1554 final=1552 stall=2 age_s=182 diff=1863 peers=6 mempool=0 epoch=1 regime=Final
  node2/ap-southeast-1 TELEMETRY tip=1552 final=1536 stall=16 age_s=1107 diff=1861 peers=6 mempool=0 epoch=1 regime=Final
  node3/ap-northeast-1 TELEMETRY tip=1553 final=1552 stall=1 age_s=63 diff=1872 peers=6 mempool=0 epoch=1 regime=Final
[2026-07-27 23:11:13] 🎯 EPOCH BOUNDARY CROSSED at WAN pacing — epochs: 1 1 1 1
[2026-07-27 23:16:23] iter=301 (t-ops sampler)
  node0/us-east-1 TELEMETRY tip=1558 final=1552 stall=6 age_s=543 diff=1818 peers=6 mempool=0 epoch=1 regime=Final
  node1/eu-west-1 TELEMETRY tip=1557 final=1552 stall=5 age_s=519 diff=1833 peers=6 mempool=0 epoch=1 regime=Final
  node2/ap-southeast-1 TELEMETRY tip=1555 final=1552 stall=3 age_s=281 diff=1860 peers=6 mempool=0 epoch=1 regime=Final
  node3/ap-northeast-1 TELEMETRY tip=1558 final=1552 stall=6 age_s=543 diff=1818 peers=6 mempool=0 epoch=1 regime=Final
[2026-07-27 23:16:23] 🎯 EPOCH BOUNDARY CROSSED at WAN pacing — epochs: 1 1 1 1
[2026-07-27 23:21:34] iter=302 (t-ops sampler)
  node0/us-east-1 TELEMETRY tip=1561 final=1552 stall=9 age_s=835 diff=1828 peers=6 mempool=0 epoch=1 regime=Final
  node1/eu-west-1 TELEMETRY tip=1561 final=1552 stall=9 age_s=831 diff=1828 peers=6 mempool=0 epoch=1 regime=Final
  node2/ap-southeast-1 TELEMETRY tip=1560 final=1552 stall=8 age_s=720 diff=1846 peers=6 mempool=0 epoch=1 regime=Final
  node3/ap-northeast-1 TELEMETRY tip=1561 final=1552 stall=9 age_s=802 diff=1828 peers=6 mempool=0 epoch=1 regime=Final
[2026-07-27 23:21:34] 🎯 EPOCH BOUNDARY CROSSED at WAN pacing — epochs: 1 1 1 1
[2026-07-27 23:26:45] iter=303 (t-ops sampler)
  node0/us-east-1 TELEMETRY tip=1565 final=1552 stall=13 age_s=1090 diff=1819 peers=6 mempool=0 epoch=1 regime=Final
  node1/eu-west-1 TELEMETRY tip=1566 final=1552 stall=14 age_s=1134 diff=1829 peers=6 mempool=0 epoch=1 regime=Final
  node2/ap-southeast-1 TELEMETRY tip=1565 final=1552 stall=13 age_s=1090 diff=1819 peers=6 mempool=0 epoch=1 regime=Final
  node3/ap-northeast-1 TELEMETRY tip=1566 final=1552 stall=14 age_s=1120 diff=1829 peers=6 mempool=0 epoch=1 regime=Final
[2026-07-27 23:26:45] 🎯 EPOCH BOUNDARY CROSSED at WAN pacing — epochs: 1 1 1 1
[2026-07-27 23:31:57] iter=304 (t-ops sampler)
  node0/us-east-1 TELEMETRY tip=1566 final=1552 stall=14 age_s=1178 diff=1829 peers=6 mempool=0 epoch=1 regime=Final
  node1/eu-west-1 TELEMETRY tip=1568 final=1552 stall=16 age_s=1419 diff=1814 peers=6 mempool=0 epoch=1 regime=Final
  node2/ap-southeast-1 TELEMETRY tip=1568 final=1552 stall=16 age_s=1419 diff=1814 peers=6 mempool=0 epoch=1 regime=Final
  node3/ap-northeast-1 TELEMETRY tip=1569 final=1552 stall=17 age_s=1487 diff=1791 peers=6 mempool=0 epoch=1 regime=Degraded
[2026-07-27 23:31:57] 🎯 EPOCH BOUNDARY CROSSED at WAN pacing — epochs: 1 1 1 1
[2026-07-27 23:37:07] iter=305 (t-ops sampler)
  node0/us-east-1 TELEMETRY tip=1575 final=1568 stall=7 age_s=312 diff=1859 peers=6 mempool=0 epoch=1 regime=Final
  node1/eu-west-1 TELEMETRY tip=1575 final=1568 stall=7 age_s=312 diff=1859 peers=6 mempool=0 epoch=1 regime=Final
  node2/ap-southeast-1 TELEMETRY tip=1574 final=1568 stall=6 age_s=267 diff=1862 peers=6 mempool=0 epoch=1 regime=Final
  node3/ap-northeast-1 TELEMETRY tip=1574 final=1568 stall=6 age_s=267 diff=1862 peers=6 mempool=0 epoch=1 regime=Final
[2026-07-27 23:37:07] 🎯 EPOCH BOUNDARY CROSSED at WAN pacing — epochs: 1 1 1 1
[2026-07-27 23:42:19] iter=306 (t-ops sampler)
  node0/us-east-1 TELEMETRY tip=1581 final=1576 stall=5 age_s=318 diff=1868 peers=6 mempool=0 epoch=1 regime=Final
  node1/eu-west-1 TELEMETRY tip=1581 final=1576 stall=5 age_s=318 diff=1868 peers=6 mempool=0 epoch=1 regime=Final
  node2/ap-southeast-1 TELEMETRY tip=1581 final=1576 stall=5 age_s=318 diff=1868 peers=6 mempool=0 epoch=1 regime=Final
  node3/ap-northeast-1 TELEMETRY tip=1581 final=1576 stall=5 age_s=318 diff=1868 peers=6 mempool=0 epoch=1 regime=Final
[2026-07-27 23:42:19] 🎯 EPOCH BOUNDARY CROSSED at WAN pacing — epochs: 1 1 1 1
[2026-07-27 23:47:30] iter=307 (t-ops sampler)
  node0/us-east-1 TELEMETRY tip=1586 final=1576 stall=10 age_s=568 diff=1930 peers=6 mempool=0 epoch=1 regime=Final
  node1/eu-west-1 TELEMETRY tip=1586 final=1576 stall=10 age_s=568 diff=1930 peers=6 mempool=0 epoch=1 regime=Final
  node2/ap-southeast-1 TELEMETRY tip=1585 final=1576 stall=9 age_s=530 diff=1916 peers=6 mempool=0 epoch=1 regime=Final
  node3/ap-northeast-1 TELEMETRY tip=1585 final=1576 stall=9 age_s=530 diff=1916 peers=6 mempool=0 epoch=1 regime=Final
[2026-07-27 23:47:30] 🎯 EPOCH BOUNDARY CROSSED at WAN pacing — epochs: 1 1 1 1
[2026-07-27 23:52:40] iter=308 (t-ops sampler)
  node0/us-east-1 TELEMETRY tip=1590 final=1576 stall=14 age_s=888 diff=1989 peers=6 mempool=0 epoch=1 regime=Final
  node1/eu-west-1 TELEMETRY tip=1590 final=1576 stall=14 age_s=888 diff=1989 peers=6 mempool=0 epoch=1 regime=Final
  node2/ap-southeast-1 TELEMETRY tip=1590 final=1576 stall=14 age_s=888 diff=1989 peers=6 mempool=0 epoch=1 regime=Final
  node3/ap-northeast-1 TELEMETRY tip=1590 final=1576 stall=14 age_s=888 diff=1989 peers=6 mempool=0 epoch=1 regime=Final
[2026-07-27 23:52:40] 🎯 EPOCH BOUNDARY CROSSED at WAN pacing — epochs: 1 1 1 1
[2026-07-27 23:57:51] iter=309 (t-ops sampler)
  node0/us-east-1 TELEMETRY tip=1593 final=1576 stall=17 age_s=1196 diff=1910 peers=6 mempool=0 epoch=1 regime=Degraded
  node1/eu-west-1 TELEMETRY tip=1594 final=1576 stall=18 age_s=1231 diff=1902 peers=6 mempool=0 epoch=1 regime=Degraded
  node2/ap-southeast-1 TELEMETRY tip=1593 final=1576 stall=17 age_s=1196 diff=1910 peers=6 mempool=0 epoch=1 regime=Degraded
  node3/ap-northeast-1 TELEMETRY tip=1593 final=1576 stall=17 age_s=1189 diff=1910 peers=6 mempool=0 epoch=1 regime=Degraded
[2026-07-27 23:57:51] 🎯 EPOCH BOUNDARY CROSSED at WAN pacing — epochs: 1 1 1 1
[2026-07-28 00:03:01] iter=310 (t-ops sampler)
  node0/us-east-1 TELEMETRY tip=1597 final=1576 stall=21 age_s=1448 diff=1944 peers=6 mempool=0 epoch=1 regime=Degraded
  node1/eu-west-1 TELEMETRY tip=1597 final=1576 stall=21 age_s=1457 diff=1944 peers=6 mempool=0 epoch=1 regime=Degraded
  node2/ap-southeast-1 TELEMETRY tip=1596 final=1576 stall=20 age_s=1365 diff=1934 peers=6 mempool=0 epoch=1 regime=Degraded
  node3/ap-northeast-1 TELEMETRY tip=1597 final=1576 stall=21 age_s=1457 diff=1944 peers=6 mempool=0 epoch=1 regime=Degraded
[2026-07-28 00:03:01] 🎯 EPOCH BOUNDARY CROSSED at WAN pacing — epochs: 1 1 1 1
[2026-07-28 00:08:12] iter=311 (t-ops sampler)
  node0/us-east-1 TELEMETRY tip=1600 final=1576 stall=24 age_s=1773 diff=1879 peers=6 mempool=0 epoch=1 regime=Degraded
  node1/eu-west-1 TELEMETRY tip=1599 final=1576 stall=23 age_s=1704 diff=1889 peers=6 mempool=0 epoch=1 regime=Degraded
  node2/ap-southeast-1 TELEMETRY tip=1600 final=1576 stall=24 age_s=1773 diff=1879 peers=6 mempool=0 epoch=1 regime=Degraded
  node3/ap-northeast-1 TELEMETRY tip=1600 final=1576 stall=24 age_s=1773 diff=1879 peers=6 mempool=0 epoch=1 regime=Degraded
[2026-07-28 00:08:12] 🎯 EPOCH BOUNDARY CROSSED at WAN pacing — epochs: 1 1 1 1
[2026-07-28 00:13:23] iter=312 (t-ops sampler)
  node0/us-east-1 TELEMETRY tip=1606 final=1600 stall=6 age_s=347 diff=1899 peers=6 mempool=0 epoch=1 regime=Final
  node1/eu-west-1 TELEMETRY tip=1606 final=1600 stall=6 age_s=347 diff=1899 peers=6 mempool=0 epoch=1 regime=Final
  node2/ap-southeast-1 TELEMETRY tip=1606 final=1600 stall=6 age_s=347 diff=1899 peers=6 mempool=0 epoch=1 regime=Final
  node3/ap-northeast-1 TELEMETRY tip=1607 final=1600 stall=7 age_s=404 diff=1924 peers=6 mempool=0 epoch=1 regime=Final
[2026-07-28 00:13:23] 🎯 EPOCH BOUNDARY CROSSED at WAN pacing — epochs: 1 1 1 1
[2026-07-28 00:18:33] iter=313 (t-ops sampler)
  node0/us-east-1 TELEMETRY tip=1612 final=1608 stall=4 age_s=224 diff=2007 peers=6 mempool=0 epoch=1 regime=Final
  node1/eu-west-1 TELEMETRY tip=1612 final=1608 stall=4 age_s=224 diff=2007 peers=6 mempool=0 epoch=1 regime=Final
  node2/ap-southeast-1 TELEMETRY tip=1612 final=1608 stall=4 age_s=224 diff=2007 peers=6 mempool=0 epoch=1 regime=Final
  node3/ap-northeast-1 TELEMETRY tip=1612 final=1608 stall=4 age_s=181 diff=2007 peers=6 mempool=0 epoch=1 regime=Final
[2026-07-28 00:18:33] 🎯 EPOCH BOUNDARY CROSSED at WAN pacing — epochs: 1 1 1 1
[2026-07-28 00:23:44] iter=314 (t-ops sampler)
  node0/us-east-1 TELEMETRY tip=1615 final=1608 stall=7 age_s=486 diff=1972 peers=6 mempool=0 epoch=1 regime=Final
  node1/eu-west-1 TELEMETRY tip=1616 final=1608 stall=8 age_s=528 diff=1975 peers=6 mempool=0 epoch=1 regime=Final
  node2/ap-southeast-1 TELEMETRY tip=1616 final=1608 stall=8 age_s=556 diff=1975 peers=6 mempool=0 epoch=1 regime=Final
  node3/ap-northeast-1 TELEMETRY tip=1616 final=1608 stall=8 age_s=556 diff=1975 peers=6 mempool=0 epoch=1 regime=Final
[2026-07-28 00:23:44] 🎯 EPOCH BOUNDARY CROSSED at WAN pacing — epochs: 1 1 1 1
[2026-07-28 00:28:54] iter=315 (t-ops sampler)
  node0/us-east-1 TELEMETRY tip=1619 final=1608 stall=11 age_s=790 diff=1972 peers=6 mempool=0 epoch=1 regime=Final
  node1/eu-west-1 TELEMETRY tip=1620 final=1608 stall=12 age_s=867 diff=1972 peers=6 mempool=0 epoch=1 regime=Final
  node2/ap-southeast-1 TELEMETRY tip=1621 final=1608 stall=13 age_s=880 diff=1984 peers=6 mempool=0 epoch=1 regime=Final
  node3/ap-northeast-1 TELEMETRY tip=1621 final=1608 stall=13 age_s=880 diff=1984 peers=6 mempool=0 epoch=1 regime=Final
[2026-07-28 00:28:54] 🎯 EPOCH BOUNDARY CROSSED at WAN pacing — epochs: 1 1 1 1
[2026-07-28 00:34:05] iter=316 (t-ops sampler)
  node0/us-east-1 TELEMETRY tip=1622 final=1608 stall=14 age_s=994 diff=2002 peers=6 mempool=0 epoch=1 regime=Final
  node1/eu-west-1 TELEMETRY tip=1624 final=1608 stall=16 age_s=1189 diff=1969 peers=6 mempool=0 epoch=1 regime=Final
  node2/ap-southeast-1 TELEMETRY tip=1623 final=1608 stall=15 age_s=1102 diff=2005 peers=6 mempool=0 epoch=1 regime=Final
  node3/ap-northeast-1 TELEMETRY tip=1624 final=1608 stall=16 age_s=1189 diff=1969 peers=6 mempool=0 epoch=1 regime=Final
[2026-07-28 00:34:05] 🎯 EPOCH BOUNDARY CROSSED at WAN pacing — epochs: 1 1 1 1
[2026-07-28 00:39:16] iter=317 (t-ops sampler)
  node0/us-east-1 TELEMETRY tip=1627 final=1608 stall=19 age_s=1317 diff=1997 peers=6 mempool=0 epoch=1 regime=Degraded
  node1/eu-west-1 TELEMETRY tip=1628 final=1608 stall=20 age_s=1484 diff=1984 peers=6 mempool=0 epoch=1 regime=Degraded
  node2/ap-southeast-1 TELEMETRY tip=1627 final=1608 stall=19 age_s=1387 diff=1997 peers=6 mempool=0 epoch=1 regime=Degraded
  node3/ap-northeast-1 TELEMETRY tip=1628 final=1608 stall=20 age_s=1532 diff=1999 peers=6 mempool=0 epoch=1 regime=Degraded
[2026-07-28 00:39:16] 🎯 EPOCH BOUNDARY CROSSED at WAN pacing — epochs: 1 1 1 1
[2026-07-28 00:44:26] iter=318 (t-ops sampler)
  node0/us-east-1 TELEMETRY tip=1631 final=1608 stall=23 age_s=1802 diff=1929 peers=6 mempool=0 epoch=1 regime=Degraded
  node1/eu-west-1 TELEMETRY tip=1631 final=1608 stall=23 age_s=1788 diff=1929 peers=6 mempool=0 epoch=1 regime=Degraded
  node2/ap-southeast-1 TELEMETRY tip=1632 final=1608 stall=24 age_s=1832 diff=1931 peers=6 mempool=0 epoch=1 regime=Degraded
  node3/ap-northeast-1 TELEMETRY tip=1630 final=1608 stall=22 age_s=1718 diff=1944 peers=6 mempool=0 epoch=1 regime=Degraded
[2026-07-28 00:44:26] 🎯 EPOCH BOUNDARY CROSSED at WAN pacing — epochs: 1 1 1 1
[2026-07-28 00:49:36] iter=319 (t-ops sampler)
  node0/us-east-1 TELEMETRY tip=1636 final=1632 stall=4 age_s=290 diff=1924 peers=6 mempool=0 epoch=1 regime=Final
  node1/eu-west-1 TELEMETRY tip=1636 final=1632 stall=4 age_s=290 diff=1924 peers=6 mempool=0 epoch=1 regime=Final
  node2/ap-southeast-1 TELEMETRY tip=1636 final=1632 stall=4 age_s=290 diff=1924 peers=6 mempool=0 epoch=1 regime=Final
  node3/ap-northeast-1 TELEMETRY tip=1636 final=1632 stall=4 age_s=290 diff=1924 peers=6 mempool=0 epoch=1 regime=Final
[2026-07-28 00:49:36] 🎯 EPOCH BOUNDARY CROSSED at WAN pacing — epochs: 1 1 1 1
[2026-07-28 00:54:47] iter=320 (t-ops sampler)
  node0/us-east-1 TELEMETRY tip=1639 final=1632 stall=7 age_s=520 diff=1933 peers=6 mempool=0 epoch=1 regime=Final
  node1/eu-west-1 TELEMETRY tip=1640 final=1632 stall=8 age_s=612 diff=1947 peers=6 mempool=0 epoch=1 regime=Final
  node2/ap-southeast-1 TELEMETRY tip=1639 final=1632 stall=7 age_s=520 diff=1933 peers=6 mempool=0 epoch=1 regime=Final
  node3/ap-northeast-1 TELEMETRY tip=1638 final=1632 stall=6 age_s=479 diff=1944 peers=6 mempool=0 epoch=1 regime=Final
[2026-07-28 00:54:47] 🎯 EPOCH BOUNDARY CROSSED at WAN pacing — epochs: 1 1 1 1
[2026-07-28 00:59:57] iter=321 (t-ops sampler)
  node0/us-east-1 TELEMETRY tip=1642 final=1632 stall=10 age_s=852 diff=1906 peers=6 mempool=0 epoch=1 regime=Final
  node1/eu-west-1 TELEMETRY tip=1642 final=1632 stall=10 age_s=851 diff=1906 peers=6 mempool=0 epoch=1 regime=Final
  node2/ap-southeast-1 TELEMETRY tip=1643 final=1632 stall=11 age_s=870 diff=1901 peers=6 mempool=0 epoch=1 regime=Final
  node3/ap-northeast-1 TELEMETRY tip=1642 final=1632 stall=10 age_s=846 diff=1906 peers=6 mempool=0 epoch=1 regime=Final
[2026-07-28 00:59:57] 🎯 EPOCH BOUNDARY CROSSED at WAN pacing — epochs: 1 1 1 1
[2026-07-28 01:05:10] iter=322 (t-ops sampler)
  node0/us-east-1 TELEMETRY tip=1645 final=1632 stall=13 age_s=1183 diff=1891 peers=6 mempool=0 epoch=1 regime=Final
  node1/eu-west-1 TELEMETRY tip=1645 final=1632 stall=13 age_s=1175 diff=1886 peers=6 mempool=0 epoch=1 regime=Final
  node2/ap-southeast-1 TELEMETRY tip=1646 final=1632 stall=14 age_s=1210 diff=1858 peers=6 mempool=0 epoch=1 regime=Final
  node3/ap-northeast-1 TELEMETRY tip=1645 final=1632 stall=13 age_s=1159 diff=1891 peers=6 mempool=0 epoch=1 regime=Final
[2026-07-28 01:05:10] 🎯 EPOCH BOUNDARY CROSSED at WAN pacing — epochs: 1 1 1 1
[2026-07-28 01:10:20] iter=323 (t-ops sampler)
  node0/us-east-1 TELEMETRY tip=1651 final=1632 stall=19 age_s=1542 diff=1909 peers=6 mempool=0 epoch=1 regime=Degraded
  node1/eu-west-1 TELEMETRY tip=1650 final=1632 stall=18 age_s=1434 diff=1896 peers=6 mempool=0 epoch=1 regime=Degraded
  node2/ap-southeast-1 TELEMETRY tip=1650 final=1632 stall=18 age_s=1434 diff=1896 peers=6 mempool=0 epoch=1 regime=Degraded
  node3/ap-northeast-1 TELEMETRY tip=1649 final=1632 stall=17 age_s=1389 diff=1884 peers=6 mempool=0 epoch=1 regime=Degraded
[2026-07-28 01:10:20] 🎯 EPOCH BOUNDARY CROSSED at WAN pacing — epochs: 1 1 1 1
[2026-07-28 01:15:31] iter=324 (t-ops sampler)
  node0/us-east-1 TELEMETRY tip=1654 final=1632 stall=22 age_s=1755 diff=1896 peers=6 mempool=0 epoch=1 regime=Degraded
  node1/eu-west-1 TELEMETRY tip=1655 final=1632 stall=23 age_s=1810 diff=1900 peers=6 mempool=0 epoch=1 regime=Degraded
  node2/ap-southeast-1 TELEMETRY tip=1655 final=1632 stall=23 age_s=1783 diff=1900 peers=6 mempool=0 epoch=1 regime=Degraded
  node3/ap-northeast-1 TELEMETRY tip=1654 final=1632 stall=22 age_s=1755 diff=1896 peers=6 mempool=0 epoch=1 regime=Degraded
[2026-07-28 01:15:31] 🎯 EPOCH BOUNDARY CROSSED at WAN pacing — epochs: 1 1 1 1
[2026-07-28 01:20:41] iter=325 (t-ops sampler)
  node0/us-east-1 TELEMETRY tip=1659 final=1656 stall=3 age_s=273 diff=1903 peers=6 mempool=0 epoch=1 regime=Final
  node1/eu-west-1 TELEMETRY tip=1660 final=1656 stall=4 age_s=314 diff=1915 peers=6 mempool=0 epoch=1 regime=Final
  node2/ap-southeast-1 TELEMETRY tip=1660 final=1656 stall=4 age_s=314 diff=1915 peers=6 mempool=0 epoch=1 regime=Final
  node3/ap-northeast-1 TELEMETRY tip=1660 final=1656 stall=4 age_s=314 diff=1915 peers=6 mempool=0 epoch=1 regime=Final
[2026-07-28 01:20:41] 🎯 EPOCH BOUNDARY CROSSED at WAN pacing — epochs: 1 1 1 1
[2026-07-28 01:25:53] iter=326 (t-ops sampler)
  node0/us-east-1 TELEMETRY tip=1665 final=1656 stall=9 age_s=574 diff=1958 peers=6 mempool=0 epoch=1 regime=Final
  node1/eu-west-1 TELEMETRY tip=1665 final=1656 stall=9 age_s=580 diff=1958 peers=6 mempool=0 epoch=1 regime=Final
  node2/ap-southeast-1 TELEMETRY tip=1665 final=1664 stall=1 age_s=52 diff=1958 peers=6 mempool=0 epoch=1 regime=Final
  node3/ap-northeast-1 TELEMETRY tip=1665 final=1664 stall=1 age_s=52 diff=1958 peers=6 mempool=0 epoch=1 regime=Final
[2026-07-28 01:25:53] 🎯 EPOCH BOUNDARY CROSSED at WAN pacing — epochs: 1 1 1 1
[2026-07-28 01:31:03] iter=327 (t-ops sampler)
  node0/us-east-1 TELEMETRY tip=1670 final=1664 stall=6 age_s=415 diff=1945 peers=6 mempool=0 epoch=1 regime=Final
  node1/eu-west-1 TELEMETRY tip=1668 final=1664 stall=4 age_s=294 diff=1970 peers=6 mempool=0 epoch=1 regime=Final
  node2/ap-southeast-1 TELEMETRY tip=1670 final=1664 stall=6 age_s=415 diff=1945 peers=6 mempool=0 epoch=1 regime=Final
  node3/ap-northeast-1 TELEMETRY tip=1671 final=1664 stall=7 age_s=427 diff=1974 peers=6 mempool=0 epoch=1 regime=Final
[2026-07-28 01:31:03] 🎯 EPOCH BOUNDARY CROSSED at WAN pacing — epochs: 1 1 1 1
[2026-07-28 01:36:13] iter=328 (t-ops sampler)
  node0/us-east-1 TELEMETRY tip=1672 final=1664 stall=8 age_s=495 diff=2003 peers=6 mempool=0 epoch=1 regime=Final
  node1/eu-west-1 TELEMETRY tip=1673 final=1664 stall=9 age_s=542 diff=2006 peers=6 mempool=0 epoch=1 regime=Final
  node2/ap-southeast-1 TELEMETRY tip=1673 final=1664 stall=9 age_s=542 diff=2006 peers=6 mempool=0 epoch=1 regime=Final
  node3/ap-northeast-1 TELEMETRY tip=1671 final=1664 stall=7 age_s=427 diff=1974 peers=6 mempool=0 epoch=1 regime=Final
[2026-07-28 01:36:13] 🎯 EPOCH BOUNDARY CROSSED at WAN pacing — epochs: 1 1 1 1
[2026-07-28 01:41:23] iter=329 (t-ops sampler)
  node0/us-east-1 TELEMETRY tip=1675 final=1672 stall=3 age_s=504 diff=1913 peers=6 mempool=0 epoch=1 regime=Final
  node1/eu-west-1 TELEMETRY tip=1674 final=1672 stall=2 age_s=360 diff=2027 peers=6 mempool=0 epoch=1 regime=Final
  node2/ap-southeast-1 TELEMETRY tip=1675 final=1672 stall=3 age_s=504 diff=1913 peers=6 mempool=0 epoch=1 regime=Final
  node3/ap-northeast-1 TELEMETRY tip=1675 final=1672 stall=3 age_s=483 diff=1913 peers=6 mempool=0 epoch=1 regime=Final
[2026-07-28 01:41:23] 🎯 EPOCH BOUNDARY CROSSED at WAN pacing — epochs: 1 1 1 1
[2026-07-28 01:46:34] iter=330 (t-ops sampler)
  node0/us-east-1 TELEMETRY tip=1678 final=1672 stall=6 age_s=772 diff=1850 peers=6 mempool=0 epoch=1 regime=Final
  node1/eu-west-1 TELEMETRY tip=1678 final=1672 stall=6 age_s=772 diff=1850 peers=6 mempool=0 epoch=1 regime=Final
  node2/ap-southeast-1 TELEMETRY tip=1678 final=1672 stall=6 age_s=772 diff=1850 peers=6 mempool=0 epoch=1 regime=Final
  node3/ap-northeast-1 TELEMETRY tip=1676 final=1672 stall=4 age_s=609 diff=1893 peers=6 mempool=0 epoch=1 regime=Final
[2026-07-28 01:46:34] 🎯 EPOCH BOUNDARY CROSSED at WAN pacing — epochs: 1 1 1 1
[2026-07-28 01:51:45] iter=331 (t-ops sampler)
  node0/us-east-1 TELEMETRY tip=1684 final=1680 stall=4 age_s=164 diff=1882 peers=6 mempool=0 epoch=1 regime=Final
  node1/eu-west-1 TELEMETRY tip=1682 final=1672 stall=10 age_s=1079 diff=1858 peers=6 mempool=0 epoch=1 regime=Final
  node2/ap-southeast-1 TELEMETRY tip=1684 final=1680 stall=4 age_s=164 diff=1882 peers=6 mempool=0 epoch=1 regime=Final
  node3/ap-northeast-1 TELEMETRY tip=1683 final=1672 stall=11 age_s=1150 diff=1864 peers=6 mempool=0 epoch=1 regime=Final
[2026-07-28 01:51:45] 🎯 EPOCH BOUNDARY CROSSED at WAN pacing — epochs: 1 1 1 1
[2026-07-28 01:56:55] iter=332 (t-ops sampler)
  node0/us-east-1 TELEMETRY tip=1688 final=1680 stall=8 age_s=397 diff=1920 peers=6 mempool=0 epoch=1 regime=Final
  node1/eu-west-1 TELEMETRY tip=1689 final=1680 stall=9 age_s=480 diff=1919 peers=6 mempool=0 epoch=1 regime=Final
  node2/ap-southeast-1 TELEMETRY tip=1688 final=1680 stall=8 age_s=389 diff=1920 peers=6 mempool=0 epoch=1 regime=Final
  node3/ap-northeast-1 TELEMETRY tip=1685 final=1680 stall=5 age_s=227 diff=1891 peers=6 mempool=0 epoch=1 regime=Final
[2026-07-28 01:56:55] ⚠️  tip spread 1685..1689 (>3 blocks — watch for a fork)
[2026-07-28 01:56:55] 🎯 EPOCH BOUNDARY CROSSED at WAN pacing — epochs: 1 1 1 1
[2026-07-28 02:02:06] iter=333 (t-ops sampler)
  node0/us-east-1 TELEMETRY tip=1690 final=1688 stall=2 age_s=201 diff=1927 peers=6 mempool=0 epoch=1 regime=Final
  node1/eu-west-1 TELEMETRY tip=1691 final=1688 stall=3 age_s=295 diff=1910 peers=6 mempool=0 epoch=1 regime=Final
  node2/ap-southeast-1 TELEMETRY tip=1691 final=1688 stall=3 age_s=295 diff=1910 peers=6 mempool=0 epoch=1 regime=Final
  node3/ap-northeast-1 TELEMETRY tip=1691 final=1688 stall=3 age_s=295 diff=1910 peers=6 mempool=0 epoch=1 regime=Final
[2026-07-28 02:02:06] 🎯 EPOCH BOUNDARY CROSSED at WAN pacing — epochs: 1 1 1 1
[2026-07-28 02:07:17] iter=334 (t-ops sampler)
  node0/us-east-1 TELEMETRY tip=1695 final=1688 stall=7 age_s=633 diff=1877 peers=6 mempool=0 epoch=1 regime=Final
  node1/eu-west-1 TELEMETRY tip=1695 final=1688 stall=7 age_s=576 diff=1877 peers=6 mempool=0 epoch=1 regime=Final
  node2/ap-southeast-1 TELEMETRY tip=1694 final=1688 stall=6 age_s=532 diff=1878 peers=6 mempool=0 epoch=1 regime=Final
  node3/ap-northeast-1 TELEMETRY tip=1694 final=1688 stall=6 age_s=552 diff=1878 peers=6 mempool=0 epoch=1 regime=Final
[2026-07-28 02:07:17] 🎯 EPOCH BOUNDARY CROSSED at WAN pacing — epochs: 1 1 1 1
[2026-07-28 02:12:27] iter=335 (t-ops sampler)
  node0/us-east-1 TELEMETRY tip=1697 final=1688 stall=9 age_s=912 diff=1854 peers=6 mempool=0 epoch=1 regime=Final
  node1/eu-west-1 TELEMETRY tip=1697 final=1688 stall=9 age_s=897 diff=1854 peers=6 mempool=0 epoch=1 regime=Final
  node2/ap-southeast-1 TELEMETRY tip=1697 final=1688 stall=9 age_s=897 diff=1854 peers=6 mempool=0 epoch=1 regime=Final
  node3/ap-northeast-1 TELEMETRY tip=1697 final=1688 stall=9 age_s=892 diff=1854 peers=6 mempool=0 epoch=1 regime=Final
[2026-07-28 02:12:27] 🎯 EPOCH BOUNDARY CROSSED at WAN pacing — epochs: 1 1 1 1
[2026-07-28 02:17:37] iter=336 (t-ops sampler)
  node0/us-east-1 TELEMETRY tip=1701 final=1688 stall=13 age_s=1333 diff=1787 peers=6 mempool=0 epoch=1 regime=Final
  node1/eu-west-1 TELEMETRY tip=1700 final=1688 stall=12 age_s=1237 diff=1797 peers=6 mempool=0 epoch=1 regime=Final
  node2/ap-southeast-1 TELEMETRY tip=1701 final=1688 stall=13 age_s=1333 diff=1787 peers=6 mempool=0 epoch=1 regime=Final
  node3/ap-northeast-1 TELEMETRY tip=1701 final=1688 stall=13 age_s=1333 diff=1787 peers=6 mempool=0 epoch=1 regime=Final
[2026-07-28 02:17:37] 🎯 EPOCH BOUNDARY CROSSED at WAN pacing — epochs: 1 1 1 1
[2026-07-28 02:22:48] iter=337 (t-ops sampler)
  node0/us-east-1 TELEMETRY tip=1704 final=1688 stall=16 age_s=1551 diff=1809 peers=6 mempool=0 epoch=1 regime=Final
  node1/eu-west-1 TELEMETRY tip=1704 final=1688 stall=16 age_s=1551 diff=1809 peers=6 mempool=0 epoch=1 regime=Final
  node2/ap-southeast-1 TELEMETRY tip=1704 final=1688 stall=16 age_s=1551 diff=1809 peers=6 mempool=0 epoch=1 regime=Final
  node3/ap-northeast-1 TELEMETRY tip=1704 final=1688 stall=16 age_s=1551 diff=1809 peers=6 mempool=0 epoch=1 regime=Final
[2026-07-28 02:22:48] 🎯 EPOCH BOUNDARY CROSSED at WAN pacing — epochs: 1 1 1 1
[2026-07-28 02:27:59] iter=338 (t-ops sampler)
  node0/us-east-1 TELEMETRY tip=1708 final=1688 stall=20 age_s=1846 diff=1776 peers=6 mempool=0 epoch=1 regime=Degraded
  node1/eu-west-1 TELEMETRY tip=1709 final=1688 stall=21 age_s=1915 diff=1783 peers=6 mempool=0 epoch=1 regime=Degraded
  node2/ap-southeast-1 TELEMETRY tip=1709 final=1688 stall=21 age_s=1970 diff=1783 peers=6 mempool=0 epoch=1 regime=Degraded
  node3/ap-northeast-1 TELEMETRY tip=1708 final=1688 stall=20 age_s=1862 diff=1776 peers=6 mempool=0 epoch=1 regime=Degraded
[2026-07-28 02:27:59] 🎯 EPOCH BOUNDARY CROSSED at WAN pacing — epochs: 1 1 1 1
[2026-07-28 02:33:09] iter=339 (t-ops sampler)
  node0/us-east-1 TELEMETRY tip=1712 final=1688 stall=24 age_s=2085 diff=1789 peers=6 mempool=0 epoch=1 regime=Degraded
  node1/eu-west-1 TELEMETRY tip=1712 final=1688 stall=24 age_s=2085 diff=1789 peers=6 mempool=0 epoch=1 regime=Degraded
  node2/ap-southeast-1 TELEMETRY tip=1713 final=1688 stall=25 age_s=2193 diff=1806 peers=6 mempool=0 epoch=1 regime=Degraded
  node3/ap-northeast-1 TELEMETRY tip=1713 final=1688 stall=25 age_s=2193 diff=1806 peers=6 mempool=0 epoch=1 regime=Degraded
[2026-07-28 02:33:09] 🎯 EPOCH BOUNDARY CROSSED at WAN pacing — epochs: 1 1 1 1
[2026-07-28 02:38:19] iter=340 (t-ops sampler)
  node0/us-east-1 TELEMETRY tip=1716 final=1712 stall=4 age_s=436 diff=1756 peers=6 mempool=0 epoch=1 regime=Final
  node1/eu-west-1 TELEMETRY tip=1717 final=1712 stall=5 age_s=490 diff=1756 peers=6 mempool=0 epoch=1 regime=Final
  node2/ap-southeast-1 TELEMETRY tip=1714 final=1712 stall=2 age_s=191 diff=1794 peers=6 mempool=0 epoch=1 regime=Final
  node3/ap-northeast-1 TELEMETRY tip=1716 final=1712 stall=4 age_s=436 diff=1756 peers=6 mempool=0 epoch=1 regime=Final
[2026-07-28 02:38:19] 🎯 EPOCH BOUNDARY CROSSED at WAN pacing — epochs: 1 1 1 1
[2026-07-28 02:43:30] iter=341 (t-ops sampler)
  node0/us-east-1 TELEMETRY tip=1724 final=1720 stall=4 age_s=210 diff=1840 peers=6 mempool=0 epoch=1 regime=Final
  node1/eu-west-1 TELEMETRY tip=1721 final=1712 stall=9 age_s=633 diff=1817 peers=6 mempool=0 epoch=1 regime=Final
  node2/ap-southeast-1 TELEMETRY tip=1724 final=1720 stall=4 age_s=210 diff=1840 peers=6 mempool=0 epoch=1 regime=Final
  node3/ap-northeast-1 TELEMETRY tip=1723 final=1720 stall=3 age_s=166 diff=1824 peers=6 mempool=0 epoch=1 regime=Final
[2026-07-28 02:43:30] 🎯 EPOCH BOUNDARY CROSSED at WAN pacing — epochs: 1 1 1 1
[2026-07-28 02:48:41] iter=342 (t-ops sampler)
  node0/us-east-1 TELEMETRY tip=1729 final=1728 stall=1 age_s=81 diff=1911 peers=6 mempool=0 epoch=1 regime=Final
  node1/eu-west-1 TELEMETRY tip=1730 final=1728 stall=2 age_s=161 diff=1929 peers=6 mempool=0 epoch=1 regime=Final
  node2/ap-southeast-1 TELEMETRY tip=1729 final=1728 stall=1 age_s=13 diff=1911 peers=6 mempool=0 epoch=1 regime=Final
  node3/ap-northeast-1 TELEMETRY tip=1729 final=1728 stall=1 age_s=72 diff=1911 peers=6 mempool=0 epoch=1 regime=Final
[2026-07-28 02:48:41] 🎯 EPOCH BOUNDARY CROSSED at WAN pacing — epochs: 1 1 1 1
[2026-07-28 02:53:52] iter=343 (t-ops sampler)
  node0/us-east-1 TELEMETRY tip=1734 final=1728 stall=6 age_s=441 diff=1906 peers=6 mempool=0 epoch=1 regime=Final
  node1/eu-west-1 TELEMETRY tip=1734 final=1728 stall=6 age_s=449 diff=1906 peers=6 mempool=0 epoch=1 regime=Final
  node2/ap-southeast-1 TELEMETRY tip=1734 final=1728 stall=6 age_s=441 diff=1906 peers=6 mempool=0 epoch=1 regime=Final
  node3/ap-northeast-1 TELEMETRY tip=1732 final=1728 stall=4 age_s=366 diff=1888 peers=6 mempool=0 epoch=1 regime=Final
[2026-07-28 02:53:52] 🎯 EPOCH BOUNDARY CROSSED at WAN pacing — epochs: 1 1 1 1
[2026-07-28 02:59:02] iter=344 (t-ops sampler)
  node0/us-east-1 TELEMETRY tip=1738 final=1728 stall=10 age_s=765 diff=1885 peers=6 mempool=0 epoch=1 regime=Final
  node1/eu-west-1 TELEMETRY tip=1738 final=1728 stall=10 age_s=765 diff=1885 peers=6 mempool=0 epoch=1 regime=Final
  node2/ap-southeast-1 TELEMETRY tip=1738 final=1728 stall=10 age_s=765 diff=1885 peers=6 mempool=0 epoch=1 regime=Final
  node3/ap-northeast-1 TELEMETRY tip=1738 final=1728 stall=10 age_s=771 diff=1885 peers=6 mempool=0 epoch=1 regime=Final
[2026-07-28 02:59:02] 🎯 EPOCH BOUNDARY CROSSED at WAN pacing — epochs: 1 1 1 1
[2026-07-28 03:04:13] iter=345 (t-ops sampler)
  node0/us-east-1 TELEMETRY tip=1741 final=1728 stall=13 age_s=1054 diff=1887 peers=6 mempool=0 epoch=1 regime=Final
  node1/eu-west-1 TELEMETRY tip=1740 final=1728 stall=12 age_s=957 diff=1908 peers=6 mempool=0 epoch=1 regime=Final
  node2/ap-southeast-1 TELEMETRY tip=1741 final=1728 stall=13 age_s=1042 diff=1887 peers=6 mempool=0 epoch=1 regime=Final
  node3/ap-northeast-1 TELEMETRY tip=1738 final=1728 stall=10 age_s=771 diff=1885 peers=6 mempool=0 epoch=1 regime=Final
[2026-07-28 03:04:13] 🎯 EPOCH BOUNDARY CROSSED at WAN pacing — epochs: 1 1 1 1
[2026-07-28 03:09:24] iter=346 (t-ops sampler)
  node0/us-east-1 TELEMETRY tip=1747 final=1744 stall=3 age_s=109 diff=1926 peers=6 mempool=0 epoch=1 regime=Final
  node1/eu-west-1 TELEMETRY tip=1748 final=1744 stall=4 age_s=146 diff=1943 peers=6 mempool=0 epoch=1 regime=Final
  node2/ap-southeast-1 TELEMETRY tip=1748 final=1744 stall=4 age_s=146 diff=1943 peers=6 mempool=0 epoch=1 regime=Final
  node3/ap-northeast-1 TELEMETRY tip=1748 final=1744 stall=4 age_s=161 diff=1943 peers=6 mempool=0 epoch=1 regime=Final
[2026-07-28 03:09:24] 🎯 EPOCH BOUNDARY CROSSED at WAN pacing — epochs: 1 1 1 1
[2026-07-28 03:14:34] iter=347 (t-ops sampler)
  node0/us-east-1 TELEMETRY tip=1754 final=1752 stall=2 age_s=89 diff=2052 peers=6 mempool=0 epoch=1 regime=Final
  node1/eu-west-1 TELEMETRY tip=1754 final=1744 stall=10 age_s=409 diff=2052 peers=6 mempool=0 epoch=1 regime=Final
  node2/ap-southeast-1 TELEMETRY tip=1754 final=1752 stall=2 age_s=76 diff=2052 peers=6 mempool=0 epoch=1 regime=Final
  node3/ap-northeast-1 TELEMETRY tip=1754 final=1752 stall=2 age_s=63 diff=2052 peers=6 mempool=0 epoch=1 regime=Final
[2026-07-28 03:14:34] 🎯 EPOCH BOUNDARY CROSSED at WAN pacing — epochs: 1 1 1 1
[2026-07-28 03:19:45] iter=348 (t-ops sampler)
  node0/us-east-1 TELEMETRY tip=1759 final=1752 stall=7 age_s=476 diff=2078 peers=6 mempool=0 epoch=1 regime=Final
  node1/eu-west-1 TELEMETRY tip=1759 final=1752 stall=7 age_s=470 diff=2078 peers=6 mempool=0 epoch=1 regime=Final
  node2/ap-southeast-1 TELEMETRY tip=1758 final=1752 stall=6 age_s=342 diff=2064 peers=6 mempool=0 epoch=1 regime=Final
  node3/ap-northeast-1 TELEMETRY tip=1758 final=1752 stall=6 age_s=342 diff=2064 peers=6 mempool=0 epoch=1 regime=Final
[2026-07-28 03:19:45] 🎯 EPOCH BOUNDARY CROSSED at WAN pacing — epochs: 1 1 1 1
[2026-07-28 03:24:55] iter=349 (t-ops sampler)
  node0/us-east-1 TELEMETRY tip=1762 final=1760 stall=2 age_s=196 diff=2038 peers=6 mempool=0 epoch=1 regime=Final
  node1/eu-west-1 TELEMETRY tip=1762 final=1760 stall=2 age_s=196 diff=2038 peers=6 mempool=0 epoch=1 regime=Final
  node2/ap-southeast-1 TELEMETRY tip=1762 final=1760 stall=2 age_s=196 diff=2038 peers=6 mempool=0 epoch=1 regime=Final
  node3/ap-northeast-1 TELEMETRY tip=1762 final=1760 stall=2 age_s=196 diff=2038 peers=6 mempool=0 epoch=1 regime=Final
[2026-07-28 03:24:55] 🎯 EPOCH BOUNDARY CROSSED at WAN pacing — epochs: 1 1 1 1
[2026-07-28 03:30:06] iter=350 (t-ops sampler)
  node0/us-east-1 TELEMETRY tip=1766 final=1760 stall=6 age_s=549 diff=1993 peers=6 mempool=0 epoch=1 regime=Final
  node1/eu-west-1 TELEMETRY tip=1767 final=1760 stall=7 age_s=567 diff=2000 peers=6 mempool=0 epoch=1 regime=Final
  node2/ap-southeast-1 TELEMETRY tip=1766 final=1760 stall=6 age_s=549 diff=1993 peers=6 mempool=0 epoch=1 regime=Final
  node3/ap-northeast-1 TELEMETRY tip=1766 final=1760 stall=6 age_s=549 diff=1993 peers=6 mempool=0 epoch=1 regime=Final
[2026-07-28 03:30:06] 🎯 EPOCH BOUNDARY CROSSED at WAN pacing — epochs: 1 1 1 1
[2026-07-28 03:35:16] iter=351 (t-ops sampler)
  node0/us-east-1 TELEMETRY tip=1770 final=1760 stall=10 age_s=802 diff=2057 peers=6 mempool=0 epoch=1 regime=Final
  node1/eu-west-1 TELEMETRY tip=1770 final=1760 stall=10 age_s=802 diff=2057 peers=6 mempool=0 epoch=1 regime=Final
  node2/ap-southeast-1 TELEMETRY tip=1770 final=1760 stall=10 age_s=802 diff=2057 peers=6 mempool=0 epoch=1 regime=Final
  node3/ap-northeast-1 TELEMETRY tip=1769 final=1760 stall=9 age_s=715 diff=2046 peers=6 mempool=0 epoch=1 regime=Final
[2026-07-28 03:35:16] 🎯 EPOCH BOUNDARY CROSSED at WAN pacing — epochs: 1 1 1 1
[2026-07-28 03:40:27] iter=352 (t-ops sampler)
  node0/us-east-1 TELEMETRY tip=1773 final=1760 stall=13 age_s=1053 diff=2034 peers=6 mempool=0 epoch=1 regime=Final
  node1/eu-west-1 TELEMETRY tip=1772 final=1760 stall=12 age_s=972 diff=2020 peers=6 mempool=0 epoch=1 regime=Final
  node2/ap-southeast-1 TELEMETRY tip=1773 final=1760 stall=13 age_s=1093 diff=2034 peers=6 mempool=0 epoch=1 regime=Final
  node3/ap-northeast-1 TELEMETRY tip=1773 final=1760 stall=13 age_s=1053 diff=2034 peers=6 mempool=0 epoch=1 regime=Final
[2026-07-28 03:40:27] 🎯 EPOCH BOUNDARY CROSSED at WAN pacing — epochs: 1 1 1 1
[2026-07-28 03:45:37] iter=353 (t-ops sampler)
  node0/us-east-1 TELEMETRY tip=1778 final=1760 stall=18 age_s=1397 diff=2015 peers=6 mempool=0 epoch=1 regime=Degraded
  node1/eu-west-1 TELEMETRY tip=1779 final=1776 stall=3 age_s=125 diff=2025 peers=6 mempool=0 epoch=1 regime=Final
  node2/ap-southeast-1 TELEMETRY tip=1780 final=1776 stall=4 age_s=175 diff=2044 peers=6 mempool=0 epoch=1 regime=Final
  node3/ap-northeast-1 TELEMETRY tip=1780 final=1776 stall=4 age_s=175 diff=2044 peers=6 mempool=0 epoch=1 regime=Final
[2026-07-28 03:45:37] 🎯 EPOCH BOUNDARY CROSSED at WAN pacing — epochs: 1 1 1 1
[2026-07-28 03:50:48] iter=354 (t-ops sampler)
  node0/us-east-1 TELEMETRY tip=1783 final=1776 stall=7 age_s=445 diff=2037 peers=6 mempool=0 epoch=1 regime=Final
  node1/eu-west-1 TELEMETRY tip=1783 final=1776 stall=7 age_s=455 diff=2037 peers=6 mempool=0 epoch=1 regime=Final
  node2/ap-southeast-1 TELEMETRY tip=1783 final=1776 stall=7 age_s=455 diff=2037 peers=6 mempool=0 epoch=1 regime=Final
  node3/ap-northeast-1 TELEMETRY tip=1783 final=1776 stall=7 age_s=455 diff=2037 peers=6 mempool=0 epoch=1 regime=Final
[2026-07-28 03:50:48] 🎯 EPOCH BOUNDARY CROSSED at WAN pacing — epochs: 1 1 1 1
[2026-07-28 03:55:58] iter=355 (t-ops sampler)
  node0/us-east-1 TELEMETRY tip=1786 final=1776 stall=10 age_s=729 diff=2009 peers=6 mempool=0 epoch=1 regime=Final
  node1/eu-west-1 TELEMETRY tip=1786 final=1776 stall=10 age_s=743 diff=2009 peers=6 mempool=0 epoch=1 regime=Final
  node2/ap-southeast-1 TELEMETRY tip=1785 final=1776 stall=9 age_s=668 diff=2011 peers=6 mempool=0 epoch=1 regime=Final
  node3/ap-northeast-1 TELEMETRY tip=1784 final=1776 stall=8 age_s=556 diff=2030 peers=6 mempool=0 epoch=1 regime=Final
[2026-07-28 03:55:58] 🎯 EPOCH BOUNDARY CROSSED at WAN pacing — epochs: 1 1 1 1
[2026-07-28 04:01:09] iter=356 (t-ops sampler)
  node0/us-east-1 TELEMETRY tip=1789 final=1776 stall=13 age_s=954 diff=2004 peers=6 mempool=0 epoch=1 regime=Final
  node1/eu-west-1 TELEMETRY tip=1789 final=1776 stall=13 age_s=961 diff=2004 peers=6 mempool=0 epoch=1 regime=Final
  node2/ap-southeast-1 TELEMETRY tip=1789 final=1776 stall=13 age_s=964 diff=2004 peers=6 mempool=0 epoch=1 regime=Final
  node3/ap-northeast-1 TELEMETRY tip=1789 final=1776 stall=13 age_s=950 diff=2004 peers=6 mempool=0 epoch=1 regime=Final
[2026-07-28 04:01:09] 🎯 EPOCH BOUNDARY CROSSED at WAN pacing — epochs: 1 1 1 1
[2026-07-28 04:06:20] iter=357 (t-ops sampler)
  node0/us-east-1 TELEMETRY tip=1791 final=1776 stall=15 age_s=1181 diff=1970 peers=6 mempool=0 epoch=1 regime=Final
  node1/eu-west-1 TELEMETRY tip=1792 final=1776 stall=16 age_s=1350 diff=1945 peers=6 mempool=0 epoch=1 regime=Final
  node2/ap-southeast-1 TELEMETRY tip=1792 final=1776 stall=16 age_s=1323 diff=1945 peers=6 mempool=0 epoch=1 regime=Final
  node3/ap-northeast-1 TELEMETRY tip=1792 final=1776 stall=16 age_s=1362 diff=1945 peers=6 mempool=0 epoch=1 regime=Final
[2026-07-28 04:06:20] 🎯 EPOCH BOUNDARY CROSSED at WAN pacing — epochs: 1 1 1 1
[2026-07-28 04:11:30] iter=358 (t-ops sampler)
  node0/us-east-1 TELEMETRY tip=1795 final=1776 stall=19 age_s=1662 diff=1910 peers=6 mempool=0 epoch=1 regime=Degraded
  node1/eu-west-1 TELEMETRY tip=1794 final=1776 stall=18 age_s=1560 diff=1944 peers=6 mempool=0 epoch=1 regime=Degraded
  node2/ap-southeast-1 TELEMETRY tip=1795 final=1776 stall=19 age_s=1662 diff=1910 peers=6 mempool=0 epoch=1 regime=Degraded
  node3/ap-northeast-1 TELEMETRY tip=1793 final=1776 stall=17 age_s=1396 diff=1943 peers=6 mempool=0 epoch=1 regime=Degraded
[2026-07-28 04:11:30] 🎯 EPOCH BOUNDARY CROSSED at WAN pacing — epochs: 1 1 1 1
[2026-07-28 04:16:42] iter=359 (t-ops sampler)
  node0/us-east-1 TELEMETRY tip=1800 final=1776 stall=24 age_s=2031 diff=1894 peers=6 mempool=0 epoch=1 regime=Degraded
  node1/eu-west-1 TELEMETRY tip=1800 final=1776 stall=24 age_s=2031 diff=1894 peers=6 mempool=0 epoch=1 regime=Degraded
  node2/ap-southeast-1 TELEMETRY tip=1800 final=1776 stall=24 age_s=2031 diff=1894 peers=6 mempool=0 epoch=1 regime=Degraded
  node3/ap-northeast-1 TELEMETRY tip=1799 final=1776 stall=23 age_s=1980 diff=1880 peers=6 mempool=0 epoch=1 regime=Degraded
[2026-07-28 04:16:42] 🎯 EPOCH BOUNDARY CROSSED at WAN pacing — epochs: 1 1 1 1
[2026-07-28 04:21:53] iter=360 (t-ops sampler)
  node0/us-east-1 TELEMETRY tip=1806 final=1800 stall=6 age_s=255 diff=1976 peers=6 mempool=0 epoch=1 regime=Final
  node1/eu-west-1 TELEMETRY tip=1806 final=1800 stall=6 age_s=255 diff=1976 peers=6 mempool=0 epoch=1 regime=Final
  node2/ap-southeast-1 TELEMETRY tip=1806 final=1800 stall=6 age_s=255 diff=1976 peers=6 mempool=0 epoch=1 regime=Final
  node3/ap-northeast-1 TELEMETRY tip=1806 final=1800 stall=6 age_s=286 diff=1976 peers=6 mempool=0 epoch=1 regime=Final
[2026-07-28 04:21:53] 🎯 EPOCH BOUNDARY CROSSED at WAN pacing — epochs: 1 1 1 1
[2026-07-28 04:27:04] iter=361 (t-ops sampler)
  node0/us-east-1 TELEMETRY tip=1808 final=1800 stall=8 age_s=490 diff=1973 peers=6 mempool=0 epoch=1 regime=Final
  node1/eu-west-1 TELEMETRY tip=1807 final=1800 stall=7 age_s=348 diff=1982 peers=6 mempool=0 epoch=1 regime=Final
  node2/ap-southeast-1 TELEMETRY tip=1809 final=1800 stall=9 age_s=612 diff=1947 peers=6 mempool=0 epoch=1 regime=Final
  node3/ap-northeast-1 TELEMETRY tip=1809 final=1800 stall=9 age_s=584 diff=1947 peers=6 mempool=0 epoch=1 regime=Final
[2026-07-28 04:27:04] 🎯 EPOCH BOUNDARY CROSSED at WAN pacing — epochs: 1 1 1 1
[2026-07-28 04:32:14] iter=362 (t-ops sampler)
  node0/us-east-1 TELEMETRY tip=1811 final=1800 stall=11 age_s=829 diff=1916 peers=6 mempool=0 epoch=1 regime=Final
  node1/eu-west-1 TELEMETRY tip=1811 final=1800 stall=11 age_s=839 diff=1916 peers=6 mempool=0 epoch=1 regime=Final
  node2/ap-southeast-1 TELEMETRY tip=1812 final=1800 stall=12 age_s=900 diff=1897 peers=6 mempool=0 epoch=1 regime=Final
  node3/ap-northeast-1 TELEMETRY tip=1811 final=1800 stall=11 age_s=832 diff=1913 peers=6 mempool=0 epoch=1 regime=Final
[2026-07-28 04:32:14] 🎯 EPOCH BOUNDARY CROSSED at WAN pacing — epochs: 1 1 1 1
[2026-07-28 04:37:25] iter=363 (t-ops sampler)
  node0/us-east-1 TELEMETRY tip=1816 final=1800 stall=16 age_s=1133 diff=1909 peers=6 mempool=0 epoch=1 regime=Final
  node1/eu-west-1 TELEMETRY tip=1815 final=1800 stall=15 age_s=1100 diff=1901 peers=6 mempool=0 epoch=1 regime=Final
  node2/ap-southeast-1 TELEMETRY tip=1816 final=1800 stall=16 age_s=1133 diff=1909 peers=6 mempool=0 epoch=1 regime=Final
  node3/ap-northeast-1 TELEMETRY tip=1816 final=1800 stall=16 age_s=1133 diff=1909 peers=6 mempool=0 epoch=1 regime=Final
[2026-07-28 04:37:25] 🎯 EPOCH BOUNDARY CROSSED at WAN pacing — epochs: 1 1 1 1
[2026-07-28 04:42:35] iter=364 (t-ops sampler)
  node0/us-east-1 TELEMETRY tip=1820 final=1816 stall=4 age_s=352 diff=1882 peers=6 mempool=0 epoch=1 regime=Final
  node1/eu-west-1 TELEMETRY tip=1819 final=1816 stall=3 age_s=339 diff=1886 peers=6 mempool=0 epoch=1 regime=Final
  node2/ap-southeast-1 TELEMETRY tip=1820 final=1816 stall=4 age_s=352 diff=1882 peers=6 mempool=0 epoch=1 regime=Final
  node3/ap-northeast-1 TELEMETRY tip=1820 final=1816 stall=4 age_s=352 diff=1882 peers=6 mempool=0 epoch=1 regime=Final
[2026-07-28 04:42:35] 🎯 EPOCH BOUNDARY CROSSED at WAN pacing — epochs: 1 1 1 1
[2026-07-28 04:47:46] iter=365 (t-ops sampler)
  node0/us-east-1 TELEMETRY tip=1826 final=1824 stall=2 age_s=139 diff=1931 peers=6 mempool=0 epoch=1 regime=Final
  node1/eu-west-1 TELEMETRY tip=1825 final=1816 stall=9 age_s=665 diff=1931 peers=6 mempool=0 epoch=1 regime=Final
  node2/ap-southeast-1 TELEMETRY tip=1826 final=1824 stall=2 age_s=139 diff=1931 peers=6 mempool=0 epoch=1 regime=Final
  node3/ap-northeast-1 TELEMETRY tip=1826 final=1824 stall=2 age_s=139 diff=1931 peers=6 mempool=0 epoch=1 regime=Final
[2026-07-28 04:47:46] 🎯 EPOCH BOUNDARY CROSSED at WAN pacing — epochs: 1 1 1 1
[2026-07-28 04:52:57] iter=366 (t-ops sampler)
  node0/us-east-1 TELEMETRY tip=1830 final=1824 stall=6 age_s=442 diff=1946 peers=6 mempool=0 epoch=1 regime=Final
  node1/eu-west-1 TELEMETRY tip=1828 final=1824 stall=4 age_s=233 diff=1936 peers=6 mempool=0 epoch=1 regime=Final
  node2/ap-southeast-1 TELEMETRY tip=1830 final=1824 stall=6 age_s=442 diff=1946 peers=6 mempool=0 epoch=1 regime=Final
  node3/ap-northeast-1 TELEMETRY tip=1828 final=1824 stall=4 age_s=233 diff=1936 peers=6 mempool=0 epoch=1 regime=Final
[2026-07-28 04:52:57] 🎯 EPOCH BOUNDARY CROSSED at WAN pacing — epochs: 1 1 1 1
[2026-07-28 04:58:08] iter=367 (t-ops sampler)
  node0/us-east-1 TELEMETRY tip=1835 final=1832 stall=3 age_s=142 diff=1948 peers=6 mempool=0 epoch=1 regime=Final
  node1/eu-west-1 TELEMETRY tip=1834 final=1832 stall=2 age_s=101 diff=1937 peers=6 mempool=0 epoch=1 regime=Final
  node2/ap-southeast-1 TELEMETRY tip=1835 final=1832 stall=3 age_s=142 diff=1948 peers=6 mempool=0 epoch=1 regime=Final
  node3/ap-northeast-1 TELEMETRY tip=1835 final=1832 stall=3 age_s=124 diff=1948 peers=6 mempool=0 epoch=1 regime=Final
[2026-07-28 04:58:08] 🎯 EPOCH BOUNDARY CROSSED at WAN pacing — epochs: 1 1 1 1
[2026-07-28 05:03:18] iter=368 (t-ops sampler)
  node0/us-east-1 TELEMETRY tip=1840 final=1832 stall=8 age_s=455 diff=1969 peers=6 mempool=0 epoch=1 regime=Final
  node1/eu-west-1 TELEMETRY tip=1840 final=1832 stall=8 age_s=455 diff=1969 peers=6 mempool=0 epoch=1 regime=Final
  node2/ap-southeast-1 TELEMETRY tip=1840 final=1832 stall=8 age_s=455 diff=1969 peers=6 mempool=0 epoch=1 regime=Final
  node3/ap-northeast-1 TELEMETRY tip=1840 final=1832 stall=8 age_s=455 diff=1969 peers=6 mempool=0 epoch=1 regime=Final
[2026-07-28 05:03:18] 🎯 EPOCH BOUNDARY CROSSED at WAN pacing — epochs: 1 1 1 1
[2026-07-28 05:08:28] iter=369 (t-ops sampler)
  node0/us-east-1 TELEMETRY tip=1843 final=1840 stall=3 age_s=204 diff=2018 peers=6 mempool=0 epoch=1 regime=Final
  node1/eu-west-1 TELEMETRY tip=1843 final=1840 stall=3 age_s=213 diff=2018 peers=6 mempool=0 epoch=1 regime=Final
  node2/ap-southeast-1 TELEMETRY tip=1843 final=1840 stall=3 age_s=204 diff=2018 peers=6 mempool=0 epoch=1 regime=Final
  node3/ap-northeast-1 TELEMETRY tip=1843 final=1840 stall=3 age_s=204 diff=2018 peers=6 mempool=0 epoch=1 regime=Final
[2026-07-28 05:08:28] 🎯 EPOCH BOUNDARY CROSSED at WAN pacing — epochs: 1 1 1 1
[2026-07-28 05:13:39] iter=370 (t-ops sampler)
  node0/us-east-1 TELEMETRY tip=1848 final=1840 stall=8 age_s=634 diff=1978 peers=6 mempool=0 epoch=1 regime=Final
  node1/eu-west-1 TELEMETRY tip=1847 final=1840 stall=7 age_s=558 diff=1976 peers=6 mempool=0 epoch=1 regime=Final
  node2/ap-southeast-1 TELEMETRY tip=1848 final=1840 stall=8 age_s=559 diff=1978 peers=6 mempool=0 epoch=1 regime=Final
  node3/ap-northeast-1 TELEMETRY tip=1847 final=1840 stall=7 age_s=541 diff=1976 peers=6 mempool=0 epoch=1 regime=Final
[2026-07-28 05:13:39] 🎯 EPOCH BOUNDARY CROSSED at WAN pacing — epochs: 1 1 1 1
[2026-07-28 05:18:50] iter=371 (t-ops sampler)
  node0/us-east-1 TELEMETRY tip=1852 final=1848 stall=4 age_s=296 diff=2005 peers=6 mempool=0 epoch=1 regime=Final
  node1/eu-west-1 TELEMETRY tip=1851 final=1848 stall=3 age_s=223 diff=1996 peers=6 mempool=0 epoch=1 regime=Final
  node2/ap-southeast-1 TELEMETRY tip=1851 final=1848 stall=3 age_s=244 diff=1996 peers=6 mempool=0 epoch=1 regime=Final
  node3/ap-northeast-1 TELEMETRY tip=1852 final=1848 stall=4 age_s=296 diff=2005 peers=6 mempool=0 epoch=1 regime=Final
[2026-07-28 05:18:50] 🎯 EPOCH BOUNDARY CROSSED at WAN pacing — epochs: 1 1 1 1
[2026-07-28 05:24:00] iter=372 (t-ops sampler)
  node0/us-east-1 TELEMETRY tip=1857 final=1848 stall=9 age_s=595 diff=2014 peers=6 mempool=0 epoch=1 regime=Final
  node1/eu-west-1 TELEMETRY tip=1859 final=1856 stall=3 age_s=129 diff=2056 peers=6 mempool=0 epoch=1 regime=Final
  node2/ap-southeast-1 TELEMETRY tip=1859 final=1856 stall=3 age_s=129 diff=2056 peers=6 mempool=0 epoch=1 regime=Final
  node3/ap-northeast-1 TELEMETRY tip=1857 final=1848 stall=9 age_s=595 diff=2014 peers=6 mempool=0 epoch=1 regime=Final
[2026-07-28 05:24:00] 🎯 EPOCH BOUNDARY CROSSED at WAN pacing — epochs: 1 1 1 1
[2026-07-28 05:29:10] iter=373 (t-ops sampler)
  node0/us-east-1 TELEMETRY tip=1862 final=1856 stall=6 age_s=325 diff=2074 peers=6 mempool=0 epoch=1 regime=Final
  node1/eu-west-1 TELEMETRY tip=1862 final=1856 stall=6 age_s=297 diff=2074 peers=6 mempool=0 epoch=1 regime=Final
  node2/ap-southeast-1 TELEMETRY tip=1862 final=1856 stall=6 age_s=328 diff=2074 peers=6 mempool=0 epoch=1 regime=Final
  node3/ap-northeast-1 TELEMETRY tip=1862 final=1856 stall=6 age_s=330 diff=2074 peers=6 mempool=0 epoch=1 regime=Final
[2026-07-28 05:29:10] 🎯 EPOCH BOUNDARY CROSSED at WAN pacing — epochs: 1 1 1 1
[2026-07-28 05:34:21] iter=374 (t-ops sampler)
  node0/us-east-1 TELEMETRY tip=1864 final=1856 stall=8 age_s=603 diff=2063 peers=6 mempool=0 epoch=1 regime=Final
  node1/eu-west-1 TELEMETRY tip=1865 final=1856 stall=9 age_s=678 diff=2033 peers=6 mempool=0 epoch=1 regime=Final
  node2/ap-southeast-1 TELEMETRY tip=1864 final=1856 stall=8 age_s=579 diff=2063 peers=6 mempool=0 epoch=1 regime=Final
  node3/ap-northeast-1 TELEMETRY tip=1865 final=1856 stall=9 age_s=690 diff=2033 peers=6 mempool=0 epoch=1 regime=Final
[2026-07-28 05:34:21] 🎯 EPOCH BOUNDARY CROSSED at WAN pacing — epochs: 1 1 1 1
[2026-07-28 05:39:32] iter=375 (t-ops sampler)
  node0/us-east-1 TELEMETRY tip=1869 final=1856 stall=13 age_s=1015 diff=2004 peers=6 mempool=0 epoch=1 regime=Final
  node1/eu-west-1 TELEMETRY tip=1869 final=1856 stall=13 age_s=996 diff=2004 peers=6 mempool=0 epoch=1 regime=Final
  node2/ap-southeast-1 TELEMETRY tip=1869 final=1856 stall=13 age_s=1004 diff=2004 peers=6 mempool=0 epoch=1 regime=Final
  node3/ap-northeast-1 TELEMETRY tip=1868 final=1856 stall=12 age_s=889 diff=2006 peers=6 mempool=0 epoch=1 regime=Final
[2026-07-28 05:39:32] 🎯 EPOCH BOUNDARY CROSSED at WAN pacing — epochs: 1 1 1 1
[2026-07-28 05:44:42] iter=376 (t-ops sampler)
  node0/us-east-1 TELEMETRY tip=1872 final=1856 stall=16 age_s=1258 diff=1977 peers=6 mempool=0 epoch=1 regime=Final
  node1/eu-west-1 TELEMETRY tip=1873 final=1856 stall=17 age_s=1365 diff=1989 peers=6 mempool=0 epoch=1 regime=Degraded
  node2/ap-southeast-1 TELEMETRY tip=1872 final=1856 stall=16 age_s=1258 diff=1977 peers=6 mempool=0 epoch=1 regime=Final
  node3/ap-northeast-1 TELEMETRY tip=1873 final=1856 stall=17 age_s=1365 diff=1989 peers=6 mempool=0 epoch=1 regime=Degraded
[2026-07-28 05:44:42] 🎯 EPOCH BOUNDARY CROSSED at WAN pacing — epochs: 1 1 1 1
[2026-07-28 05:49:53] iter=377 (t-ops sampler)
  node0/us-east-1 TELEMETRY tip=1879 final=1872 stall=7 age_s=409 diff=2027 peers=6 mempool=0 epoch=1 regime=Final
  node1/eu-west-1 TELEMETRY tip=1879 final=1872 stall=7 age_s=409 diff=2027 peers=6 mempool=0 epoch=1 regime=Final
  node2/ap-southeast-1 TELEMETRY tip=1877 final=1872 stall=5 age_s=308 diff=1996 peers=6 mempool=0 epoch=1 regime=Final
  node3/ap-northeast-1 TELEMETRY tip=1877 final=1872 stall=5 age_s=308 diff=1996 peers=6 mempool=0 epoch=1 regime=Final
[2026-07-28 05:49:53] 🎯 EPOCH BOUNDARY CROSSED at WAN pacing — epochs: 1 1 1 1
[2026-07-28 05:55:04] iter=378 (t-ops sampler)
  node0/us-east-1 TELEMETRY tip=1882 final=1872 stall=10 age_s=703 diff=2033 peers=6 mempool=0 epoch=1 regime=Final
  node1/eu-west-1 TELEMETRY tip=1882 final=1872 stall=10 age_s=703 diff=2033 peers=6 mempool=0 epoch=1 regime=Final
  node2/ap-southeast-1 TELEMETRY tip=1881 final=1872 stall=9 age_s=577 diff=2034 peers=6 mempool=0 epoch=1 regime=Final
  node3/ap-northeast-1 TELEMETRY tip=1881 final=1872 stall=9 age_s=631 diff=2034 peers=6 mempool=0 epoch=1 regime=Final
[2026-07-28 05:55:04] 🎯 EPOCH BOUNDARY CROSSED at WAN pacing — epochs: 1 1 1 1
[2026-07-28 06:00:14] iter=379 (t-ops sampler)
  node0/us-east-1 TELEMETRY tip=1886 final=1880 stall=6 age_s=491 diff=1990 peers=6 mempool=0 epoch=1 regime=Final
  node1/eu-west-1 TELEMETRY tip=1886 final=1880 stall=6 age_s=491 diff=1990 peers=6 mempool=0 epoch=1 regime=Final
  node2/ap-southeast-1 TELEMETRY tip=1886 final=1880 stall=6 age_s=491 diff=1990 peers=6 mempool=0 epoch=1 regime=Final
  node3/ap-northeast-1 TELEMETRY tip=1886 final=1880 stall=6 age_s=491 diff=1990 peers=6 mempool=0 epoch=1 regime=Final
[2026-07-28 06:00:14] 🎯 EPOCH BOUNDARY CROSSED at WAN pacing — epochs: 1 1 1 1
[2026-07-28 06:05:25] iter=380 (t-ops sampler)
  node0/us-east-1 TELEMETRY tip=1889 final=1880 stall=9 age_s=804 diff=2028 peers=6 mempool=0 epoch=1 regime=Final
  node1/eu-west-1 TELEMETRY tip=1888 final=1880 stall=8 age_s=681 diff=2020 peers=6 mempool=0 epoch=1 regime=Final
  node2/ap-southeast-1 TELEMETRY tip=1888 final=1880 stall=8 age_s=681 diff=2020 peers=6 mempool=0 epoch=1 regime=Final
  node3/ap-northeast-1 TELEMETRY tip=1888 final=1880 stall=8 age_s=723 diff=2003 peers=6 mempool=0 epoch=1 regime=Final
[2026-07-28 06:05:25] 🎯 EPOCH BOUNDARY CROSSED at WAN pacing — epochs: 1 1 1 1
[2026-07-28 06:10:35] iter=381 (t-ops sampler)
  node0/us-east-1 TELEMETRY tip=1891 final=1880 stall=11 age_s=1010 diff=1968 peers=6 mempool=0 epoch=1 regime=Final
  node1/eu-west-1 TELEMETRY tip=1892 final=1880 stall=12 age_s=1126 diff=1952 peers=6 mempool=0 epoch=1 regime=Final
  node2/ap-southeast-1 TELEMETRY tip=1892 final=1880 stall=12 age_s=1126 diff=1952 peers=6 mempool=0 epoch=1 regime=Final
  node3/ap-northeast-1 TELEMETRY tip=1889 final=1880 stall=9 age_s=804 diff=2028 peers=6 mempool=0 epoch=1 regime=Final
[2026-07-28 06:10:35] 🎯 EPOCH BOUNDARY CROSSED at WAN pacing — epochs: 1 1 1 1
[2026-07-28 06:15:46] iter=382 (t-ops sampler)
  node0/us-east-1 TELEMETRY tip=1897 final=1880 stall=17 age_s=1420 diff=1963 peers=6 mempool=0 epoch=1 regime=Degraded
  node1/eu-west-1 TELEMETRY tip=1898 final=1896 stall=2 age_s=67 diff=1969 peers=6 mempool=0 epoch=1 regime=Final
  node2/ap-southeast-1 TELEMETRY tip=1896 final=1880 stall=16 age_s=1356 diff=1938 peers=6 mempool=0 epoch=1 regime=Final
  node3/ap-northeast-1 TELEMETRY tip=1898 final=1896 stall=2 age_s=67 diff=1969 peers=6 mempool=0 epoch=1 regime=Final
[2026-07-28 06:15:46] 🎯 EPOCH BOUNDARY CROSSED at WAN pacing — epochs: 1 1 1 1
[2026-07-28 06:20:57] iter=383 (t-ops sampler)
  node0/us-east-1 TELEMETRY tip=1902 final=1896 stall=6 age_s=370 diff=1979 peers=6 mempool=0 epoch=1 regime=Final
  node1/eu-west-1 TELEMETRY tip=1902 final=1896 stall=6 age_s=370 diff=1979 peers=6 mempool=0 epoch=1 regime=Final
  node2/ap-southeast-1 TELEMETRY tip=1902 final=1896 stall=6 age_s=370 diff=1979 peers=6 mempool=0 epoch=1 regime=Final
  node3/ap-northeast-1 TELEMETRY tip=1902 final=1896 stall=6 age_s=370 diff=1979 peers=6 mempool=0 epoch=1 regime=Final
[2026-07-28 06:20:57] 🎯 EPOCH BOUNDARY CROSSED at WAN pacing — epochs: 1 1 1 1
[2026-07-28 06:26:08] iter=384 (t-ops sampler)
  node0/us-east-1 TELEMETRY tip=1907 final=1904 stall=3 age_s=136 diff=2049 peers=6 mempool=0 epoch=1 regime=Final
  node1/eu-west-1 TELEMETRY tip=1907 final=1904 stall=3 age_s=151 diff=2049 peers=6 mempool=0 epoch=1 regime=Final
  node2/ap-southeast-1 TELEMETRY tip=1907 final=1904 stall=3 age_s=175 diff=2049 peers=6 mempool=0 epoch=1 regime=Final
  node3/ap-northeast-1 TELEMETRY tip=1907 final=1904 stall=3 age_s=152 diff=2049 peers=6 mempool=0 epoch=1 regime=Final
[2026-07-28 06:26:08] 🎯 EPOCH BOUNDARY CROSSED at WAN pacing — epochs: 1 1 1 1
[2026-07-28 06:31:18] iter=385 (t-ops sampler)
  node0/us-east-1 TELEMETRY tip=1909 final=1904 stall=5 age_s=442 diff=2005 peers=6 mempool=0 epoch=1 regime=Final
  node1/eu-west-1 TELEMETRY tip=1909 final=1904 stall=5 age_s=409 diff=2005 peers=6 mempool=0 epoch=1 regime=Final
  node2/ap-southeast-1 TELEMETRY tip=1910 final=1904 stall=6 age_s=527 diff=2001 peers=6 mempool=0 epoch=1 regime=Final
  node3/ap-northeast-1 TELEMETRY tip=1910 final=1904 stall=6 age_s=571 diff=2005 peers=6 mempool=0 epoch=1 regime=Final
[2026-07-28 06:31:18] 🎯 EPOCH BOUNDARY CROSSED at WAN pacing — epochs: 1 1 1 1
[2026-07-28 06:36:28] iter=386 (t-ops sampler)
  node0/us-east-1 TELEMETRY tip=1914 final=1904 stall=10 age_s=792 diff=1979 peers=6 mempool=0 epoch=1 regime=Final
  node1/eu-west-1 TELEMETRY tip=1913 final=1904 stall=9 age_s=760 diff=1972 peers=6 mempool=0 epoch=1 regime=Final
  node2/ap-southeast-1 TELEMETRY tip=1914 final=1904 stall=10 age_s=839 diff=1979 peers=6 mempool=0 epoch=1 regime=Final
  node3/ap-northeast-1 TELEMETRY tip=1914 final=1904 stall=10 age_s=839 diff=1979 peers=6 mempool=0 epoch=1 regime=Final
[2026-07-28 06:36:28] 🎯 EPOCH BOUNDARY CROSSED at WAN pacing — epochs: 1 1 1 1
[2026-07-28 06:41:39] iter=387 (t-ops sampler)
  node0/us-east-1 TELEMETRY tip=1918 final=1912 stall=6 age_s=435 diff=1987 peers=6 mempool=0 epoch=1 regime=Final
  node1/eu-west-1 TELEMETRY tip=1918 final=1912 stall=6 age_s=424 diff=2006 peers=6 mempool=0 epoch=1 regime=Final
  node2/ap-southeast-1 TELEMETRY tip=1918 final=1912 stall=6 age_s=424 diff=2006 peers=6 mempool=0 epoch=1 regime=Final
  node3/ap-northeast-1 TELEMETRY tip=1918 final=1912 stall=6 age_s=417 diff=2006 peers=6 mempool=0 epoch=1 regime=Final
[2026-07-28 06:41:39] 🎯 EPOCH BOUNDARY CROSSED at WAN pacing — epochs: 1 1 1 1
[2026-07-28 06:46:49] iter=388 (t-ops sampler)
  node0/us-east-1 TELEMETRY tip=1922 final=1912 stall=10 age_s=658 diff=1992 peers=6 mempool=0 epoch=1 regime=Final
  node1/eu-west-1 TELEMETRY tip=1921 final=1920 stall=1 age_s=62 diff=1986 peers=6 mempool=0 epoch=1 regime=Final
  node2/ap-southeast-1 TELEMETRY tip=1921 final=1920 stall=1 age_s=66 diff=1986 peers=6 mempool=0 epoch=1 regime=Final
  node3/ap-northeast-1 TELEMETRY tip=1922 final=1920 stall=2 age_s=193 diff=1992 peers=6 mempool=0 epoch=1 regime=Final
[2026-07-28 06:46:49] 🎯 EPOCH BOUNDARY CROSSED at WAN pacing — epochs: 1 1 1 1
[2026-07-28 06:51:59] iter=389 (t-ops sampler)
  node0/us-east-1 TELEMETRY tip=1927 final=1920 stall=7 age_s=519 diff=1975 peers=6 mempool=0 epoch=1 regime=Final
  node1/eu-west-1 TELEMETRY tip=1927 final=1920 stall=7 age_s=519 diff=1975 peers=6 mempool=0 epoch=1 regime=Final
  node2/ap-southeast-1 TELEMETRY tip=1927 final=1920 stall=7 age_s=519 diff=1975 peers=6 mempool=0 epoch=1 regime=Final
  node3/ap-northeast-1 TELEMETRY tip=1925 final=1920 stall=5 age_s=437 diff=1953 peers=6 mempool=0 epoch=1 regime=Final
[2026-07-28 06:51:59] 🎯 EPOCH BOUNDARY CROSSED at WAN pacing — epochs: 1 1 1 1
=== SAMPLER HANDOVER 2026-07-28 09:36:51 — relocated to <workspace>/qumbra-ops/; net itself NOT restarted
=== continues the run started 2026-07-26 15:43; samples above came from PID 33859 (coordinator scratchpad) then PID 44963 (~/qumbra-ops/)
=== overlap with the previous sampler is deliberate — duplicate samples, no gap
[2026-07-28 09:36:51] iter=1 (t-ops sampler)
  node0/us-east-1 UNREACHABLE-OR-SILENT
  node1/eu-west-1 UNREACHABLE-OR-SILENT
  node2/ap-southeast-1 UNREACHABLE-OR-SILENT
  node3/ap-northeast-1 UNREACHABLE-OR-SILENT
[2026-07-28 09:36:51] 🔴 ALERT only 0/4 nodes reporting
[2026-07-28 09:42:52] iter=2 (t-ops sampler)
  node0/us-east-1 UNREACHABLE-OR-SILENT
  node1/eu-west-1 UNREACHABLE-OR-SILENT
  node2/ap-southeast-1 UNREACHABLE-OR-SILENT
  node3/ap-northeast-1 UNREACHABLE-OR-SILENT
[2026-07-28 09:42:52] 🔴 ALERT only 0/4 nodes reporting
[2026-07-28 09:48:52] iter=3 (t-ops sampler)
  node0/us-east-1 TELEMETRY tip=2070 final=2048 stall=22 age_s=1606 diff=2053 peers=6 mempool=0 epoch=1 regime=Degraded
  node1/eu-west-1 TELEMETRY tip=2070 final=2048 stall=22 age_s=1600 diff=2053 peers=6 mempool=0 epoch=1 regime=Degraded
  node2/ap-southeast-1 TELEMETRY tip=2070 final=2048 stall=22 age_s=1600 diff=2053 peers=6 mempool=0 epoch=1 regime=Degraded
  node3/ap-northeast-1 TELEMETRY tip=2069 final=2048 stall=21 age_s=1524 diff=2083 peers=6 mempool=0 epoch=1 regime=Degraded
[2026-07-28 09:48:52] 🎯 EPOCH BOUNDARY CROSSED at WAN pacing — epochs: 1 1 1 1
[2026-07-28 09:53:59] iter=4 (t-ops sampler)
  node0/us-east-1 TELEMETRY tip=2075 final=2072 stall=3 age_s=261 diff=2070 peers=6 mempool=0 epoch=1 regime=Final
  node1/eu-west-1 TELEMETRY tip=2075 final=2072 stall=3 age_s=261 diff=2070 peers=6 mempool=0 epoch=1 regime=Final
  node2/ap-southeast-1 TELEMETRY tip=2074 final=2072 stall=2 age_s=106 diff=2088 peers=6 mempool=0 epoch=1 regime=Final
  node3/ap-northeast-1 TELEMETRY tip=2074 final=2072 stall=2 age_s=178 diff=2088 peers=6 mempool=0 epoch=1 regime=Final
[2026-07-28 09:53:59] 🎯 EPOCH BOUNDARY CROSSED at WAN pacing — epochs: 1 1 1 1
[2026-07-28 09:59:07] iter=5 (t-ops sampler)
  node0/us-east-1 TELEMETRY tip=2077 final=2072 stall=5 age_s=381 diff=2084 peers=6 mempool=0 epoch=1 regime=Final
  node1/eu-west-1 TELEMETRY tip=2079 final=2072 stall=7 age_s=478 diff=2081 peers=6 mempool=0 epoch=1 regime=Final
  node2/ap-southeast-1 TELEMETRY tip=2079 final=2072 stall=7 age_s=492 diff=2081 peers=6 mempool=0 epoch=1 regime=Final
  node3/ap-northeast-1 TELEMETRY tip=2078 final=2072 stall=6 age_s=453 diff=2080 peers=6 mempool=0 epoch=1 regime=Final
[2026-07-28 09:59:07] 🎯 EPOCH BOUNDARY CROSSED at WAN pacing — epochs: 1 1 1 1
[2026-07-28 10:04:15] iter=6 (t-ops sampler)
  node0/us-east-1 TELEMETRY tip=2082 final=2072 stall=10 age_s=884 diff=2030 peers=6 mempool=0 epoch=1 regime=Final
  node1/eu-west-1 TELEMETRY tip=2081 final=2072 stall=9 age_s=749 diff=2053 peers=6 mempool=0 epoch=1 regime=Final
  node2/ap-southeast-1 TELEMETRY tip=2079 final=2072 stall=7 age_s=492 diff=2081 peers=6 mempool=0 epoch=1 regime=Final
  node3/ap-northeast-1 TELEMETRY tip=2080 final=2072 stall=8 age_s=665 diff=2105 peers=6 mempool=0 epoch=1 regime=Final
[2026-07-28 10:04:15] 🎯 EPOCH BOUNDARY CROSSED at WAN pacing — epochs: 1 1 1 1
[2026-07-28 10:09:23] iter=7 (t-ops sampler)
  node0/us-east-1 TELEMETRY tip=2085 final=2080 stall=5 age_s=452 diff=2013 peers=6 mempool=0 epoch=1 regime=Final
  node1/eu-west-1 TELEMETRY tip=2085 final=2080 stall=5 age_s=479 diff=2013 peers=6 mempool=0 epoch=1 regime=Final
  node2/ap-southeast-1 TELEMETRY tip=2084 final=2080 stall=4 age_s=390 diff=2010 peers=6 mempool=0 epoch=1 regime=Final
  node3/ap-northeast-1 TELEMETRY tip=2083 final=2080 stall=3 age_s=330 diff=2058 peers=6 mempool=0 epoch=1 regime=Final
[2026-07-28 10:09:23] 🎯 EPOCH BOUNDARY CROSSED at WAN pacing — epochs: 1 1 1 1
[2026-07-28 10:14:31] iter=8 (t-ops sampler)
  node0/us-east-1 TELEMETRY tip=2088 final=2080 stall=8 age_s=699 diff=2010 peers=6 mempool=0 epoch=1 regime=Final
  node1/eu-west-1 TELEMETRY tip=2089 final=2080 stall=9 age_s=833 diff=1990 peers=6 mempool=0 epoch=1 regime=Final
  node2/ap-southeast-1 TELEMETRY tip=2088 final=2080 stall=8 age_s=690 diff=2010 peers=6 mempool=0 epoch=1 regime=Final
  node3/ap-northeast-1 TELEMETRY tip=2088 final=2080 stall=8 age_s=690 diff=2010 peers=6 mempool=0 epoch=1 regime=Final
[2026-07-28 10:14:31] 🎯 EPOCH BOUNDARY CROSSED at WAN pacing — epochs: 1 1 1 1
[2026-07-28 10:19:39] iter=9 (t-ops sampler)
  node0/us-east-1 TELEMETRY tip=2092 final=2080 stall=12 age_s=1106 diff=1967 peers=6 mempool=0 epoch=1 regime=Final
  node1/eu-west-1 TELEMETRY tip=2092 final=2080 stall=12 age_s=1106 diff=1967 peers=6 mempool=0 epoch=1 regime=Final
  node2/ap-southeast-1 TELEMETRY tip=2092 final=2080 stall=12 age_s=1106 diff=1967 peers=6 mempool=0 epoch=1 regime=Final
  node3/ap-northeast-1 TELEMETRY tip=2091 final=2080 stall=11 age_s=1025 diff=1968 peers=6 mempool=0 epoch=1 regime=Final
[2026-07-28 10:19:39] 🎯 EPOCH BOUNDARY CROSSED at WAN pacing — epochs: 1 1 1 1
[2026-07-28 10:24:47] iter=10 (t-ops sampler)
  node0/us-east-1 TELEMETRY tip=2098 final=2096 stall=2 age_s=146 diff=2034 peers=6 mempool=0 epoch=1 regime=Final
  node1/eu-west-1 TELEMETRY tip=2097 final=2080 stall=17 age_s=1319 diff=2018 peers=6 mempool=0 epoch=1 regime=Degraded
  node2/ap-southeast-1 TELEMETRY tip=2098 final=2096 stall=2 age_s=158 diff=2026 peers=6 mempool=0 epoch=1 regime=Final
  node3/ap-northeast-1 TELEMETRY tip=2098 final=2096 stall=2 age_s=158 diff=2026 peers=6 mempool=0 epoch=1 regime=Final
[2026-07-28 10:24:47] 🎯 EPOCH BOUNDARY CROSSED at WAN pacing — epochs: 1 1 1 1
[2026-07-28 10:29:55] iter=11 (t-ops sampler)
  node0/us-east-1 TELEMETRY tip=2102 final=2096 stall=6 age_s=421 diff=2030 peers=6 mempool=0 epoch=1 regime=Final
  node1/eu-west-1 TELEMETRY tip=2100 final=2096 stall=4 age_s=268 diff=2036 peers=6 mempool=0 epoch=1 regime=Final
  node2/ap-southeast-1 TELEMETRY tip=2102 final=2096 stall=6 age_s=421 diff=2030 peers=6 mempool=0 epoch=1 regime=Final
  node3/ap-northeast-1 TELEMETRY tip=2102 final=2096 stall=6 age_s=421 diff=2030 peers=6 mempool=0 epoch=1 regime=Final
[2026-07-28 10:29:55] 🎯 EPOCH BOUNDARY CROSSED at WAN pacing — epochs: 1 1 1 1
[2026-07-28 10:35:03] iter=12 (t-ops sampler)
  node0/us-east-1 TELEMETRY tip=2105 final=2096 stall=9 age_s=653 diff=2006 peers=6 mempool=0 epoch=1 regime=Final
  node1/eu-west-1 TELEMETRY tip=2106 final=2104 stall=2 age_s=42 diff=2028 peers=6 mempool=0 epoch=1 regime=Final
  node2/ap-southeast-1 TELEMETRY tip=2106 final=2096 stall=10 age_s=710 diff=2028 peers=6 mempool=0 epoch=1 regime=Final
  node3/ap-northeast-1 TELEMETRY tip=2106 final=2104 stall=2 age_s=42 diff=2028 peers=6 mempool=0 epoch=1 regime=Final
[2026-07-28 10:35:03] 🎯 EPOCH BOUNDARY CROSSED at WAN pacing — epochs: 1 1 1 1
[2026-07-28 10:40:11] iter=13 (t-ops sampler)
  node0/us-east-1 TELEMETRY tip=2113 final=2104 stall=9 age_s=468 diff=2078 peers=6 mempool=0 epoch=1 regime=Final
  node1/eu-west-1 TELEMETRY tip=2112 final=2104 stall=8 age_s=423 diff=2072 peers=6 mempool=0 epoch=1 regime=Final
  node2/ap-southeast-1 TELEMETRY tip=2112 final=2104 stall=8 age_s=439 diff=2072 peers=6 mempool=0 epoch=1 regime=Final
  node3/ap-northeast-1 TELEMETRY tip=2110 final=2104 stall=6 age_s=361 diff=2022 peers=6 mempool=0 epoch=1 regime=Final
[2026-07-28 10:40:11] 🎯 EPOCH BOUNDARY CROSSED at WAN pacing — epochs: 1 1 1 1
[2026-07-28 10:45:19] iter=14 (t-ops sampler)
  node0/us-east-1 TELEMETRY tip=2115 final=2104 stall=11 age_s=664 diff=2091 peers=6 mempool=0 epoch=1 regime=Final
  node1/eu-west-1 TELEMETRY tip=2115 final=2104 stall=11 age_s=664 diff=2091 peers=6 mempool=0 epoch=1 regime=Final
  node2/ap-southeast-1 TELEMETRY tip=2115 final=2104 stall=11 age_s=664 diff=2091 peers=6 mempool=0 epoch=1 regime=Final
  node3/ap-northeast-1 TELEMETRY tip=2114 final=2104 stall=10 age_s=562 diff=2100 peers=6 mempool=0 epoch=1 regime=Final
[2026-07-28 10:45:19] 🎯 EPOCH BOUNDARY CROSSED at WAN pacing — epochs: 1 1 1 1
[2026-07-28 10:50:27] iter=15 (t-ops sampler)
  node0/us-east-1 TELEMETRY tip=2121 final=2104 stall=17 age_s=1081 diff=2093 peers=6 mempool=0 epoch=1 regime=Degraded
  node1/eu-west-1 TELEMETRY tip=2121 final=2104 stall=17 age_s=1081 diff=2093 peers=6 mempool=0 epoch=1 regime=Degraded
  node2/ap-southeast-1 TELEMETRY tip=2120 final=2104 stall=16 age_s=1007 diff=2076 peers=6 mempool=0 epoch=1 regime=Final
  node3/ap-northeast-1 TELEMETRY tip=2121 final=2104 stall=17 age_s=1081 diff=2093 peers=6 mempool=0 epoch=1 regime=Degraded
[2026-07-28 10:50:27] 🎯 EPOCH BOUNDARY CROSSED at WAN pacing — epochs: 1 1 1 1
[2026-07-28 10:55:35] iter=16 (t-ops sampler)
  node0/us-east-1 TELEMETRY tip=2124 final=2104 stall=20 age_s=1219 diff=2125 peers=6 mempool=0 epoch=1 regime=Degraded
  node1/eu-west-1 TELEMETRY tip=2125 final=2120 stall=5 age_s=274 diff=2133 peers=6 mempool=0 epoch=1 regime=Final
  node2/ap-southeast-1 TELEMETRY tip=2126 final=2120 stall=6 age_s=311 diff=2142 peers=6 mempool=0 epoch=1 regime=Final
  node3/ap-northeast-1 TELEMETRY tip=2126 final=2120 stall=6 age_s=311 diff=2142 peers=6 mempool=0 epoch=1 regime=Final
[2026-07-28 10:55:35] 🎯 EPOCH BOUNDARY CROSSED at WAN pacing — epochs: 1 1 1 1
[2026-07-28 11:00:43] iter=17 (t-ops sampler)
  node0/us-east-1 TELEMETRY tip=2132 final=2128 stall=4 age_s=145 diff=2223 peers=6 mempool=0 epoch=1 regime=Final
  node1/eu-west-1 TELEMETRY tip=2132 final=2128 stall=4 age_s=145 diff=2223 peers=6 mempool=0 epoch=1 regime=Final
  node2/ap-southeast-1 TELEMETRY tip=2132 final=2128 stall=4 age_s=124 diff=2223 peers=6 mempool=0 epoch=1 regime=Final
  node3/ap-northeast-1 TELEMETRY tip=2133 final=2128 stall=5 age_s=200 diff=2234 peers=6 mempool=0 epoch=1 regime=Final
[2026-07-28 11:00:43] 🎯 EPOCH BOUNDARY CROSSED at WAN pacing — epochs: 1 1 1 1
[2026-07-28 11:05:51] iter=18 (t-ops sampler)
  node0/us-east-1 TELEMETRY tip=2137 final=2128 stall=9 age_s=443 diff=2248 peers=6 mempool=0 epoch=1 regime=Final
  node1/eu-west-1 TELEMETRY tip=2137 final=2128 stall=9 age_s=443 diff=2248 peers=6 mempool=0 epoch=1 regime=Final
  node2/ap-southeast-1 TELEMETRY tip=2137 final=2128 stall=9 age_s=443 diff=2248 peers=6 mempool=0 epoch=1 regime=Final
  node3/ap-northeast-1 TELEMETRY tip=2137 final=2128 stall=9 age_s=443 diff=2248 peers=6 mempool=0 epoch=1 regime=Final
[2026-07-28 11:05:51] 🎯 EPOCH BOUNDARY CROSSED at WAN pacing — epochs: 1 1 1 1
[2026-07-28 11:11:02] iter=19 (t-ops sampler)
  node0/us-east-1 TELEMETRY tip=2141 final=2136 stall=5 age_s=324 diff=2249 peers=6 mempool=0 epoch=1 regime=Final
  node1/eu-west-1 TELEMETRY tip=2141 final=2136 stall=5 age_s=329 diff=2249 peers=6 mempool=0 epoch=1 regime=Final
  node2/ap-southeast-1 TELEMETRY tip=2141 final=2136 stall=5 age_s=329 diff=2249 peers=6 mempool=0 epoch=1 regime=Final
  node3/ap-northeast-1 TELEMETRY tip=2141 final=2136 stall=5 age_s=329 diff=2249 peers=6 mempool=0 epoch=1 regime=Final
[2026-07-28 11:11:02] 🎯 EPOCH BOUNDARY CROSSED at WAN pacing — epochs: 1 1 1 1
[2026-07-28 11:16:10] iter=20 (t-ops sampler)
  node0/us-east-1 TELEMETRY tip=2145 final=2136 stall=9 age_s=675 diff=2259 peers=6 mempool=0 epoch=1 regime=Final
  node1/eu-west-1 TELEMETRY tip=2144 final=2136 stall=8 age_s=581 diff=2252 peers=6 mempool=0 epoch=1 regime=Final
  node2/ap-southeast-1 TELEMETRY tip=2146 final=2136 stall=10 age_s=725 diff=2248 peers=6 mempool=0 epoch=1 regime=Final
  node3/ap-northeast-1 TELEMETRY tip=2146 final=2136 stall=10 age_s=725 diff=2248 peers=6 mempool=0 epoch=1 regime=Final
[2026-07-28 11:16:10] 🎯 EPOCH BOUNDARY CROSSED at WAN pacing — epochs: 1 1 1 1
[2026-07-28 11:21:19] iter=21 (t-ops sampler)
  node0/us-east-1 TELEMETRY tip=2150 final=2144 stall=6 age_s=348 diff=2304 peers=6 mempool=0 epoch=1 regime=Final
  node1/eu-west-1 TELEMETRY tip=2151 final=2144 stall=7 age_s=426 diff=2315 peers=6 mempool=0 epoch=1 regime=Final
  node2/ap-southeast-1 TELEMETRY tip=2151 final=2144 stall=7 age_s=430 diff=2315 peers=6 mempool=0 epoch=1 regime=Final
  node3/ap-northeast-1 TELEMETRY tip=2150 final=2144 stall=6 age_s=348 diff=2304 peers=6 mempool=0 epoch=1 regime=Final
[2026-07-28 11:21:19] 🎯 EPOCH BOUNDARY CROSSED at WAN pacing — epochs: 1 1 1 1
[2026-07-28 11:26:27] iter=22 (t-ops sampler)
  node0/us-east-1 TELEMETRY tip=2153 final=2144 stall=9 age_s=596 diff=2298 peers=6 mempool=0 epoch=1 regime=Final
  node1/eu-west-1 TELEMETRY tip=2154 final=2144 stall=10 age_s=689 diff=2302 peers=6 mempool=0 epoch=1 regime=Final
  node2/ap-southeast-1 TELEMETRY tip=2154 final=2144 stall=10 age_s=653 diff=2302 peers=6 mempool=0 epoch=1 regime=Final
  node3/ap-northeast-1 TELEMETRY tip=2154 final=2144 stall=10 age_s=690 diff=2302 peers=6 mempool=0 epoch=1 regime=Final
[2026-07-28 11:26:27] 🎯 EPOCH BOUNDARY CROSSED at WAN pacing — epochs: 1 1 1 1
[2026-07-28 11:31:35] iter=23 (t-ops sampler)
  node0/us-east-1 TELEMETRY tip=2159 final=2152 stall=7 age_s=441 diff=2331 peers=6 mempool=0 epoch=1 regime=Final
  node1/eu-west-1 TELEMETRY tip=2160 final=2152 stall=8 age_s=508 diff=2343 peers=6 mempool=0 epoch=1 regime=Final
  node2/ap-southeast-1 TELEMETRY tip=2157 final=2152 stall=5 age_s=348 diff=2306 peers=6 mempool=0 epoch=1 regime=Final
  node3/ap-northeast-1 TELEMETRY tip=2160 final=2152 stall=8 age_s=508 diff=2343 peers=6 mempool=0 epoch=1 regime=Final
[2026-07-28 11:31:35] 🎯 EPOCH BOUNDARY CROSSED at WAN pacing — epochs: 1 1 1 1
[2026-07-28 11:36:43] iter=24 (t-ops sampler)
  node0/us-east-1 TELEMETRY tip=2165 final=2160 stall=5 age_s=269 diff=2375 peers=6 mempool=0 epoch=1 regime=Final
  node1/eu-west-1 TELEMETRY tip=2165 final=2160 stall=5 age_s=269 diff=2375 peers=6 mempool=0 epoch=1 regime=Final
  node2/ap-southeast-1 TELEMETRY tip=2166 final=2160 stall=6 age_s=321 diff=2411 peers=6 mempool=0 epoch=1 regime=Final
  node3/ap-northeast-1 TELEMETRY tip=2166 final=2160 stall=6 age_s=321 diff=2411 peers=6 mempool=0 epoch=1 regime=Final
[2026-07-28 11:36:43] 🎯 EPOCH BOUNDARY CROSSED at WAN pacing — epochs: 1 1 1 1
[2026-07-28 11:41:51] iter=25 (t-ops sampler)
  node0/us-east-1 TELEMETRY tip=2170 final=2160 stall=10 age_s=586 diff=2440 peers=6 mempool=0 epoch=1 regime=Final
  node1/eu-west-1 TELEMETRY tip=2170 final=2160 stall=10 age_s=586 diff=2440 peers=6 mempool=0 epoch=1 regime=Final
  node2/ap-southeast-1 TELEMETRY tip=2170 final=2160 stall=10 age_s=586 diff=2440 peers=6 mempool=0 epoch=1 regime=Final
  node3/ap-northeast-1 TELEMETRY tip=2170 final=2160 stall=10 age_s=586 diff=2440 peers=6 mempool=0 epoch=1 regime=Final
[2026-07-28 11:41:51] 🎯 EPOCH BOUNDARY CROSSED at WAN pacing — epochs: 1 1 1 1
[2026-07-28 11:46:59] iter=26 (t-ops sampler)
  node0/us-east-1 TELEMETRY tip=2175 final=2168 stall=7 age_s=474 diff=2501 peers=6 mempool=0 epoch=1 regime=Final
  node1/eu-west-1 TELEMETRY tip=2173 final=2168 stall=5 age_s=295 diff=2461 peers=6 mempool=0 epoch=1 regime=Final
  node2/ap-southeast-1 TELEMETRY tip=2174 final=2168 stall=6 age_s=343 diff=2484 peers=6 mempool=0 epoch=1 regime=Final
  node3/ap-northeast-1 TELEMETRY tip=2175 final=2168 stall=7 age_s=474 diff=2501 peers=6 mempool=0 epoch=1 regime=Final
[2026-07-28 11:46:59] 🎯 EPOCH BOUNDARY CROSSED at WAN pacing — epochs: 1 1 1 1
[2026-07-28 11:52:07] iter=27 (t-ops sampler)
  node0/us-east-1 TELEMETRY tip=2177 final=2168 stall=9 age_s=723 diff=2414 peers=6 mempool=0 epoch=1 regime=Final
  node1/eu-west-1 TELEMETRY tip=2177 final=2168 stall=9 age_s=723 diff=2414 peers=6 mempool=0 epoch=1 regime=Final
  node2/ap-southeast-1 TELEMETRY tip=2175 final=2168 stall=7 age_s=485 diff=2501 peers=6 mempool=0 epoch=1 regime=Final
  node3/ap-northeast-1 TELEMETRY tip=2177 final=2168 stall=9 age_s=723 diff=2414 peers=6 mempool=0 epoch=1 regime=Final
[2026-07-28 11:52:07] 🎯 EPOCH BOUNDARY CROSSED at WAN pacing — epochs: 1 1 1 1
[2026-07-28 11:57:15] iter=28 (t-ops sampler)
  node0/us-east-1 TELEMETRY tip=2181 final=2168 stall=13 age_s=1082 diff=2363 peers=6 mempool=0 epoch=1 regime=Final
  node1/eu-west-1 TELEMETRY tip=2179 final=2168 stall=11 age_s=1005 diff=2375 peers=6 mempool=0 epoch=1 regime=Final
  node2/ap-southeast-1 TELEMETRY tip=2180 final=2168 stall=12 age_s=1023 diff=2331 peers=6 mempool=0 epoch=1 regime=Final
  node3/ap-northeast-1 TELEMETRY tip=2181 final=2168 stall=13 age_s=1082 diff=2363 peers=6 mempool=0 epoch=1 regime=Final
[2026-07-28 11:57:15] 🎯 EPOCH BOUNDARY CROSSED at WAN pacing — epochs: 1 1 1 1
[2026-07-28 12:02:23] iter=29 (t-ops sampler)
  node0/us-east-1 TELEMETRY tip=2183 final=2168 stall=15 age_s=1256 diff=2323 peers=6 mempool=0 epoch=1 regime=Final
  node1/eu-west-1 TELEMETRY tip=2184 final=2168 stall=16 age_s=1336 diff=2358 peers=6 mempool=0 epoch=1 regime=Final
  node2/ap-southeast-1 TELEMETRY tip=2183 final=2168 stall=15 age_s=1256 diff=2323 peers=6 mempool=0 epoch=1 regime=Final
  node3/ap-northeast-1 TELEMETRY tip=2184 final=2168 stall=16 age_s=1336 diff=2358 peers=6 mempool=0 epoch=1 regime=Final
[2026-07-28 12:02:23] 🎯 EPOCH BOUNDARY CROSSED at WAN pacing — epochs: 1 1 1 1
[2026-07-28 12:07:32] iter=30 (t-ops sampler)
  node0/us-east-1 TELEMETRY tip=2186 final=2168 stall=18 age_s=1545 diff=2369 peers=6 mempool=0 epoch=1 regime=Degraded
  node1/eu-west-1 TELEMETRY tip=2187 final=2168 stall=19 age_s=1660 diff=2323 peers=6 mempool=0 epoch=1 regime=Degraded
  node2/ap-southeast-1 TELEMETRY tip=2187 final=2168 stall=19 age_s=1660 diff=2323 peers=6 mempool=0 epoch=1 regime=Degraded
  node3/ap-northeast-1 TELEMETRY tip=2187 final=2168 stall=19 age_s=1673 diff=2323 peers=6 mempool=0 epoch=1 regime=Degraded
[2026-07-28 12:07:32] 🎯 EPOCH BOUNDARY CROSSED at WAN pacing — epochs: 1 1 1 1
[2026-07-28 12:12:40] iter=31 (t-ops sampler)
  node0/us-east-1 TELEMETRY tip=2190 final=2168 stall=22 age_s=1930 diff=2291 peers=6 mempool=0 epoch=1 regime=Degraded
  node1/eu-west-1 TELEMETRY tip=2191 final=2168 stall=23 age_s=2038 diff=2300 peers=6 mempool=0 epoch=1 regime=Degraded
  node2/ap-southeast-1 TELEMETRY tip=2190 final=2168 stall=22 age_s=1887 diff=2291 peers=6 mempool=0 epoch=1 regime=Degraded
  node3/ap-northeast-1 TELEMETRY tip=2190 final=2168 stall=22 age_s=1961 diff=2291 peers=6 mempool=0 epoch=1 regime=Degraded
[2026-07-28 12:12:40] 🎯 EPOCH BOUNDARY CROSSED at WAN pacing — epochs: 1 1 1 1
[2026-07-28 12:17:48] iter=32 (t-ops sampler)
  node0/us-east-1 TELEMETRY tip=2195 final=2192 stall=3 age_s=212 diff=2308 peers=6 mempool=0 epoch=1 regime=Final
  node1/eu-west-1 TELEMETRY tip=2194 final=2192 stall=2 age_s=89 diff=2287 peers=6 mempool=0 epoch=1 regime=Final
  node2/ap-southeast-1 TELEMETRY tip=2195 final=2192 stall=3 age_s=212 diff=2308 peers=6 mempool=0 epoch=1 regime=Final
  node3/ap-northeast-1 TELEMETRY tip=2195 final=2192 stall=3 age_s=214 diff=2308 peers=6 mempool=0 epoch=1 regime=Final
[2026-07-28 12:17:48] 🎯 EPOCH BOUNDARY CROSSED at WAN pacing — epochs: 1 1 1 1
[2026-07-28 12:22:56] iter=33 (t-ops sampler)
  node0/us-east-1 TELEMETRY tip=2200 final=2192 stall=8 age_s=499 diff=2341 peers=6 mempool=0 epoch=1 regime=Final
  node1/eu-west-1 TELEMETRY tip=2199 final=2192 stall=7 age_s=409 diff=2316 peers=6 mempool=0 epoch=1 regime=Final
  node2/ap-southeast-1 TELEMETRY tip=2200 final=2192 stall=8 age_s=499 diff=2341 peers=6 mempool=0 epoch=1 regime=Final
  node3/ap-northeast-1 TELEMETRY tip=2200 final=2192 stall=8 age_s=499 diff=2341 peers=6 mempool=0 epoch=1 regime=Final
[2026-07-28 12:22:56] 🎯 EPOCH BOUNDARY CROSSED at WAN pacing — epochs: 1 1 1 1
[2026-07-28 12:28:04] iter=34 (t-ops sampler)
  node0/us-east-1 TELEMETRY tip=2203 final=2192 stall=11 age_s=693 diff=2345 peers=6 mempool=0 epoch=1 regime=Final
  node1/eu-west-1 TELEMETRY tip=2203 final=2192 stall=11 age_s=773 diff=2345 peers=6 mempool=0 epoch=1 regime=Final
  node2/ap-southeast-1 TELEMETRY tip=2203 final=2192 stall=11 age_s=760 diff=2345 peers=6 mempool=0 epoch=1 regime=Final
  node3/ap-northeast-1 TELEMETRY tip=2203 final=2192 stall=11 age_s=706 diff=2345 peers=6 mempool=0 epoch=1 regime=Final
[2026-07-28 12:28:04] 🎯 EPOCH BOUNDARY CROSSED at WAN pacing — epochs: 1 1 1 1
[2026-07-28 12:33:12] iter=35 (t-ops sampler)
  node0/us-east-1 TELEMETRY tip=2207 final=2192 stall=15 age_s=1098 diff=2283 peers=6 mempool=0 epoch=1 regime=Final
  node1/eu-west-1 TELEMETRY tip=2207 final=2192 stall=15 age_s=1155 diff=2283 peers=6 mempool=0 epoch=1 regime=Final
  node2/ap-southeast-1 TELEMETRY tip=2207 final=2192 stall=15 age_s=1098 diff=2283 peers=6 mempool=0 epoch=1 regime=Final
  node3/ap-northeast-1 TELEMETRY tip=2207 final=2192 stall=15 age_s=1098 diff=2283 peers=6 mempool=0 epoch=1 regime=Final
[2026-07-28 12:33:12] 🎯 EPOCH BOUNDARY CROSSED at WAN pacing — epochs: 1 1 1 1
[2026-07-28 12:38:20] iter=36 (t-ops sampler)
  node0/us-east-1 TELEMETRY tip=2211 final=2192 stall=19 age_s=1437 diff=2245 peers=6 mempool=0 epoch=1 regime=Degraded
  node1/eu-west-1 TELEMETRY tip=2211 final=2192 stall=19 age_s=1437 diff=2245 peers=6 mempool=0 epoch=1 regime=Degraded
  node2/ap-southeast-1 TELEMETRY tip=2211 final=2192 stall=19 age_s=1437 diff=2245 peers=6 mempool=0 epoch=1 regime=Degraded
  node3/ap-northeast-1 TELEMETRY tip=2211 final=2192 stall=19 age_s=1437 diff=2245 peers=6 mempool=0 epoch=1 regime=Degraded
[2026-07-28 12:38:20] 🎯 EPOCH BOUNDARY CROSSED at WAN pacing — epochs: 1 1 1 1
[2026-07-28 12:43:28] iter=37 (t-ops sampler)
  node0/us-east-1 TELEMETRY tip=2213 final=2192 stall=21 age_s=1605 diff=2278 peers=6 mempool=0 epoch=1 regime=Degraded
  node1/eu-west-1 TELEMETRY tip=2214 final=2192 stall=22 age_s=1685 diff=2292 peers=6 mempool=0 epoch=1 regime=Degraded
  node2/ap-southeast-1 TELEMETRY tip=2214 final=2192 stall=22 age_s=1695 diff=2292 peers=6 mempool=0 epoch=1 regime=Degraded
  node3/ap-northeast-1 TELEMETRY tip=2214 final=2192 stall=22 age_s=1755 diff=2295 peers=6 mempool=0 epoch=1 regime=Degraded
[2026-07-28 12:43:28] 🎯 EPOCH BOUNDARY CROSSED at WAN pacing — epochs: 1 1 1 1
[2026-07-28 12:48:36] iter=38 (t-ops sampler)
  node0/us-east-1 TELEMETRY tip=2218 final=2216 stall=2 age_s=105 diff=2224 peers=6 mempool=0 epoch=1 regime=Final
  node1/eu-west-1 TELEMETRY tip=2218 final=2216 stall=2 age_s=137 diff=2224 peers=6 mempool=0 epoch=1 regime=Final
  node2/ap-southeast-1 TELEMETRY tip=2218 final=2216 stall=2 age_s=127 diff=2224 peers=6 mempool=0 epoch=1 regime=Final
  node3/ap-northeast-1 TELEMETRY tip=2218 final=2216 stall=2 age_s=134 diff=2224 peers=6 mempool=0 epoch=1 regime=Final
[2026-07-28 12:48:36] 🎯 EPOCH BOUNDARY CROSSED at WAN pacing — epochs: 1 1 1 1
[2026-07-28 12:53:44] iter=39 (t-ops sampler)
  node0/us-east-1 TELEMETRY tip=2222 final=2216 stall=6 age_s=321 diff=2269 peers=6 mempool=0 epoch=1 regime=Final
  node1/eu-west-1 TELEMETRY tip=2223 final=2216 stall=7 age_s=431 diff=2267 peers=6 mempool=0 epoch=1 regime=Final
  node2/ap-southeast-1 TELEMETRY tip=2223 final=2216 stall=7 age_s=468 diff=2275 peers=6 mempool=0 epoch=1 regime=Final
  node3/ap-northeast-1 TELEMETRY tip=2223 final=2216 stall=7 age_s=467 diff=2267 peers=6 mempool=0 epoch=1 regime=Final
[2026-07-28 12:53:44] 🎯 EPOCH BOUNDARY CROSSED at WAN pacing — epochs: 1 1 1 1
[2026-07-28 12:58:52] iter=40 (t-ops sampler)
  node0/us-east-1 TELEMETRY tip=2228 final=2224 stall=4 age_s=253 diff=2236 peers=6 mempool=0 epoch=1 regime=Final
  node1/eu-west-1 TELEMETRY tip=2228 final=2224 stall=4 age_s=253 diff=2236 peers=6 mempool=0 epoch=1 regime=Final
  node2/ap-southeast-1 TELEMETRY tip=2228 final=2224 stall=4 age_s=253 diff=2236 peers=6 mempool=0 epoch=1 regime=Final
  node3/ap-northeast-1 TELEMETRY tip=2228 final=2224 stall=4 age_s=253 diff=2236 peers=6 mempool=0 epoch=1 regime=Final
[2026-07-28 12:58:52] 🎯 EPOCH BOUNDARY CROSSED at WAN pacing — epochs: 1 1 1 1
[2026-07-28 13:03:59] iter=41 (t-ops sampler)
  node0/us-east-1 TELEMETRY tip=2232 final=2224 stall=8 age_s=502 diff=2316 peers=6 mempool=0 epoch=1 regime=Final
  node1/eu-west-1 TELEMETRY tip=2231 final=2224 stall=7 age_s=382 diff=2302 peers=6 mempool=0 epoch=1 regime=Final
  node2/ap-southeast-1 TELEMETRY tip=2233 final=2224 stall=9 age_s=570 diff=2320 peers=6 mempool=0 epoch=1 regime=Final
  node3/ap-northeast-1 TELEMETRY tip=2232 final=2224 stall=8 age_s=449 diff=2316 peers=6 mempool=0 epoch=1 regime=Final
[2026-07-28 13:03:59] 🎯 EPOCH BOUNDARY CROSSED at WAN pacing — epochs: 1 1 1 1
[2026-07-28 13:09:08] iter=42 (t-ops sampler)
  node0/us-east-1 TELEMETRY tip=2236 final=2224 stall=12 age_s=791 diff=2302 peers=6 mempool=0 epoch=1 regime=Final
  node1/eu-west-1 TELEMETRY tip=2236 final=2224 stall=12 age_s=764 diff=2302 peers=6 mempool=0 epoch=1 regime=Final
  node2/ap-southeast-1 TELEMETRY tip=2235 final=2224 stall=11 age_s=708 diff=2283 peers=6 mempool=0 epoch=1 regime=Final
  node3/ap-northeast-1 TELEMETRY tip=2236 final=2224 stall=12 age_s=809 diff=2302 peers=6 mempool=0 epoch=1 regime=Final
[2026-07-28 13:09:08] 🎯 EPOCH BOUNDARY CROSSED at WAN pacing — epochs: 1 1 1 1
[2026-07-28 13:14:16] iter=43 (t-ops sampler)
  node0/us-east-1 TELEMETRY tip=2239 final=2224 stall=15 age_s=1137 diff=2238 peers=6 mempool=0 epoch=1 regime=Final
  node1/eu-west-1 TELEMETRY tip=2239 final=2224 stall=15 age_s=1128 diff=2238 peers=6 mempool=0 epoch=1 regime=Final
  node2/ap-southeast-1 TELEMETRY tip=2239 final=2224 stall=15 age_s=1137 diff=2238 peers=6 mempool=0 epoch=1 regime=Final
  node3/ap-northeast-1 TELEMETRY tip=2239 final=2224 stall=15 age_s=1137 diff=2238 peers=6 mempool=0 epoch=1 regime=Final
[2026-07-28 13:14:16] 🎯 EPOCH BOUNDARY CROSSED at WAN pacing — epochs: 1 1 1 1
[2026-07-28 13:19:24] iter=44 (t-ops sampler)
  node0/us-east-1 TELEMETRY tip=2243 final=2224 stall=19 age_s=1409 diff=2261 peers=6 mempool=0 epoch=1 regime=Degraded
  node1/eu-west-1 TELEMETRY tip=2241 final=2224 stall=17 age_s=1242 diff=2237 peers=6 mempool=0 epoch=1 regime=Degraded
  node2/ap-southeast-1 TELEMETRY tip=2243 final=2224 stall=19 age_s=1409 diff=2261 peers=6 mempool=0 epoch=1 regime=Degraded
  node3/ap-northeast-1 TELEMETRY tip=2243 final=2224 stall=19 age_s=1409 diff=2261 peers=6 mempool=0 epoch=1 regime=Degraded
[2026-07-28 13:19:24] 🎯 EPOCH BOUNDARY CROSSED at WAN pacing — epochs: 1 1 1 1
[2026-07-28 13:24:31] iter=45 (t-ops sampler)
  node0/us-east-1 TELEMETRY tip=2246 final=2224 stall=22 age_s=1629 diff=2228 peers=6 mempool=0 epoch=1 regime=Degraded
  node1/eu-west-1 TELEMETRY tip=2246 final=2224 stall=22 age_s=1629 diff=2228 peers=6 mempool=0 epoch=1 regime=Degraded
  node2/ap-southeast-1 TELEMETRY tip=2247 final=2224 stall=23 age_s=1703 diff=2255 peers=6 mempool=0 epoch=1 regime=Degraded
  node3/ap-northeast-1 TELEMETRY tip=2247 final=2224 stall=23 age_s=1699 diff=2255 peers=6 mempool=0 epoch=1 regime=Degraded
[2026-07-28 13:24:31] 🎯 EPOCH BOUNDARY CROSSED at WAN pacing — epochs: 1 1 1 1
[2026-07-28 13:29:39] iter=46 (t-ops sampler)
  node0/us-east-1 TELEMETRY tip=2252 final=2248 stall=4 age_s=218 diff=2257 peers=6 mempool=0 epoch=1 regime=Final
  node1/eu-west-1 TELEMETRY tip=2252 final=2248 stall=4 age_s=218 diff=2257 peers=6 mempool=0 epoch=1 regime=Final
  node2/ap-southeast-1 TELEMETRY tip=2252 final=2248 stall=4 age_s=218 diff=2257 peers=6 mempool=0 epoch=1 regime=Final
  node3/ap-northeast-1 TELEMETRY tip=2252 final=2248 stall=4 age_s=218 diff=2257 peers=6 mempool=0 epoch=1 regime=Final
[2026-07-28 13:29:39] 🎯 EPOCH BOUNDARY CROSSED at WAN pacing — epochs: 1 1 1 1
[2026-07-28 13:34:47] iter=47 (t-ops sampler)
  node0/us-east-1 TELEMETRY tip=2255 final=2248 stall=7 age_s=379 diff=2264 peers=6 mempool=0 epoch=1 regime=Final
  node1/eu-west-1 TELEMETRY tip=2255 final=2248 stall=7 age_s=442 diff=2264 peers=6 mempool=0 epoch=1 regime=Final
  node2/ap-southeast-1 TELEMETRY tip=2254 final=2248 stall=6 age_s=316 diff=2269 peers=6 mempool=0 epoch=1 regime=Final
  node3/ap-northeast-1 TELEMETRY tip=2255 final=2248 stall=7 age_s=379 diff=2264 peers=6 mempool=0 epoch=1 regime=Final
[2026-07-28 13:34:47] 🎯 EPOCH BOUNDARY CROSSED at WAN pacing — epochs: 1 1 1 1
[2026-07-28 13:39:55] iter=48 (t-ops sampler)
  node0/us-east-1 TELEMETRY tip=2256 final=2248 stall=8 age_s=563 diff=2289 peers=6 mempool=0 epoch=1 regime=Final
  node1/eu-west-1 TELEMETRY tip=2260 final=2248 stall=12 age_s=811 diff=2251 peers=6 mempool=0 epoch=1 regime=Final
  node2/ap-southeast-1 TELEMETRY tip=2258 final=2248 stall=10 age_s=705 diff=2224 peers=6 mempool=0 epoch=1 regime=Final
  node3/ap-northeast-1 TELEMETRY tip=2260 final=2248 stall=12 age_s=811 diff=2251 peers=6 mempool=0 epoch=1 regime=Final
[2026-07-28 13:39:55] ⚠️  tip spread 2256..2260 (>3 blocks — watch for a fork)
[2026-07-28 13:39:55] 🎯 EPOCH BOUNDARY CROSSED at WAN pacing — epochs: 1 1 1 1
[2026-07-28 13:45:03] iter=49 (t-ops sampler)
  node0/us-east-1 TELEMETRY tip=2263 final=2248 stall=15 age_s=1052 diff=2262 peers=6 mempool=0 epoch=1 regime=Final
  node1/eu-west-1 TELEMETRY tip=2264 final=2248 stall=16 age_s=1174 diff=2240 peers=6 mempool=0 epoch=1 regime=Final
  node2/ap-southeast-1 TELEMETRY tip=2264 final=2248 stall=16 age_s=1174 diff=2240 peers=6 mempool=0 epoch=1 regime=Final
  node3/ap-northeast-1 TELEMETRY tip=2263 final=2248 stall=15 age_s=1032 diff=2262 peers=6 mempool=0 epoch=1 regime=Final
[2026-07-28 13:45:03] 🎯 EPOCH BOUNDARY CROSSED at WAN pacing — epochs: 1 1 1 1
[2026-07-28 13:50:11] iter=50 (t-ops sampler)
  node0/us-east-1 TELEMETRY tip=2267 final=2264 stall=3 age_s=197 diff=2247 peers=6 mempool=0 epoch=1 regime=Final
  node1/eu-west-1 TELEMETRY tip=2268 final=2264 stall=4 age_s=233 diff=2261 peers=6 mempool=0 epoch=1 regime=Final
  node2/ap-southeast-1 TELEMETRY tip=2268 final=2264 stall=4 age_s=233 diff=2261 peers=6 mempool=0 epoch=1 regime=Final
  node3/ap-northeast-1 TELEMETRY tip=2267 final=2264 stall=3 age_s=164 diff=2247 peers=6 mempool=0 epoch=1 regime=Final
[2026-07-28 13:50:11] 🎯 EPOCH BOUNDARY CROSSED at WAN pacing — epochs: 1 1 1 1
[2026-07-28 13:55:19] iter=51 (t-ops sampler)
  node0/us-east-1 TELEMETRY tip=2271 final=2264 stall=7 age_s=542 diff=2199 peers=6 mempool=0 epoch=1 regime=Final
  node1/eu-west-1 TELEMETRY tip=2271 final=2264 stall=7 age_s=542 diff=2199 peers=6 mempool=0 epoch=1 regime=Final
  node2/ap-southeast-1 TELEMETRY tip=2272 final=2264 stall=8 age_s=616 diff=2223 peers=6 mempool=0 epoch=1 regime=Final
  node3/ap-northeast-1 TELEMETRY tip=2271 final=2264 stall=7 age_s=542 diff=2199 peers=6 mempool=0 epoch=1 regime=Final
[2026-07-28 13:55:19] 🎯 EPOCH BOUNDARY CROSSED at WAN pacing — epochs: 1 1 1 1
[2026-07-28 14:00:27] iter=52 (t-ops sampler)
  node0/us-east-1 TELEMETRY tip=2277 final=2264 stall=13 age_s=890 diff=2298 peers=6 mempool=0 epoch=1 regime=Final
  node1/eu-west-1 TELEMETRY tip=2277 final=2264 stall=13 age_s=890 diff=2298 peers=6 mempool=0 epoch=1 regime=Final
  node2/ap-southeast-1 TELEMETRY tip=2277 final=2264 stall=13 age_s=890 diff=2298 peers=6 mempool=0 epoch=1 regime=Final
  node3/ap-northeast-1 TELEMETRY tip=2276 final=2264 stall=12 age_s=765 diff=2263 peers=6 mempool=0 epoch=1 regime=Final
[2026-07-28 14:00:27] 🎯 EPOCH BOUNDARY CROSSED at WAN pacing — epochs: 1 1 1 1
[2026-07-28 14:05:35] iter=53 (t-ops sampler)
  node0/us-east-1 TELEMETRY tip=2279 final=2264 stall=15 age_s=1055 diff=2275 peers=6 mempool=0 epoch=1 regime=Final
  node1/eu-west-1 TELEMETRY tip=2280 final=2264 stall=16 age_s=1221 diff=2296 peers=6 mempool=0 epoch=1 regime=Final
  node2/ap-southeast-1 TELEMETRY tip=2280 final=2264 stall=16 age_s=1221 diff=2296 peers=6 mempool=0 epoch=1 regime=Final
  node3/ap-northeast-1 TELEMETRY tip=2279 final=2264 stall=15 age_s=993 diff=2275 peers=6 mempool=0 epoch=1 regime=Final
[2026-07-28 14:05:35] 🎯 EPOCH BOUNDARY CROSSED at WAN pacing — epochs: 1 1 1 1
[2026-07-28 14:10:43] iter=54 (t-ops sampler)
  node0/us-east-1 TELEMETRY tip=2281 final=2264 stall=17 age_s=1282 diff=2221 peers=6 mempool=0 epoch=1 regime=Degraded
  node1/eu-west-1 TELEMETRY tip=2283 final=2280 stall=3 age_s=230 diff=2248 peers=6 mempool=0 epoch=1 regime=Final
  node2/ap-southeast-1 TELEMETRY tip=2283 final=2280 stall=3 age_s=254 diff=2248 peers=6 mempool=0 epoch=1 regime=Final
  node3/ap-northeast-1 TELEMETRY tip=2282 final=2280 stall=2 age_s=162 diff=2228 peers=6 mempool=0 epoch=1 regime=Final
[2026-07-28 14:10:43] 🎯 EPOCH BOUNDARY CROSSED at WAN pacing — epochs: 1 1 1 1
[2026-07-28 14:15:50] iter=55 (t-ops sampler)
  node0/us-east-1 TELEMETRY tip=2286 final=2280 stall=6 age_s=457 diff=2209 peers=6 mempool=0 epoch=1 regime=Final
  node1/eu-west-1 TELEMETRY tip=2285 final=2280 stall=5 age_s=421 diff=2205 peers=6 mempool=0 epoch=1 regime=Final
  node2/ap-southeast-1 TELEMETRY tip=2286 final=2280 stall=6 age_s=511 diff=2209 peers=6 mempool=0 epoch=1 regime=Final
  node3/ap-northeast-1 TELEMETRY tip=2286 final=2280 stall=6 age_s=510 diff=2209 peers=6 mempool=0 epoch=1 regime=Final
[2026-07-28 14:15:50] 🎯 EPOCH BOUNDARY CROSSED at WAN pacing — epochs: 1 1 1 1
[2026-07-28 14:20:58] iter=56 (t-ops sampler)
  node0/us-east-1 TELEMETRY tip=2289 final=2280 stall=9 age_s=860 diff=2132 peers=6 mempool=0 epoch=1 regime=Final
  node1/eu-west-1 TELEMETRY tip=2289 final=2280 stall=9 age_s=860 diff=2132 peers=6 mempool=0 epoch=1 regime=Final
  node2/ap-southeast-1 TELEMETRY tip=2289 final=2280 stall=9 age_s=860 diff=2132 peers=6 mempool=0 epoch=1 regime=Final
  node3/ap-northeast-1 TELEMETRY tip=2289 final=2280 stall=9 age_s=860 diff=2132 peers=6 mempool=0 epoch=1 regime=Final
[2026-07-28 14:20:58] 🎯 EPOCH BOUNDARY CROSSED at WAN pacing — epochs: 1 1 1 1
[2026-07-28 14:26:06] iter=57 (t-ops sampler)
  node0/us-east-1 TELEMETRY tip=2293 final=2288 stall=5 age_s=424 diff=2115 peers=6 mempool=0 epoch=1 regime=Final
  node1/eu-west-1 TELEMETRY tip=2291 final=2288 stall=3 age_s=263 diff=2137 peers=6 mempool=0 epoch=1 regime=Final
  node2/ap-southeast-1 TELEMETRY tip=2291 final=2288 stall=3 age_s=263 diff=2137 peers=6 mempool=0 epoch=1 regime=Final
  node3/ap-northeast-1 TELEMETRY tip=2292 final=2288 stall=4 age_s=338 diff=2115 peers=6 mempool=0 epoch=1 regime=Final
[2026-07-28 14:26:06] 🎯 EPOCH BOUNDARY CROSSED at WAN pacing — epochs: 1 1 1 1
[2026-07-28 14:31:15] iter=58 (t-ops sampler)
  node0/us-east-1 TELEMETRY tip=2297 final=2288 stall=9 age_s=705 diff=2124 peers=6 mempool=0 epoch=1 regime=Final
  node1/eu-west-1 TELEMETRY tip=2295 final=2288 stall=7 age_s=568 diff=2104 peers=6 mempool=0 epoch=1 regime=Final
  node2/ap-southeast-1 TELEMETRY tip=2292 final=2288 stall=4 age_s=313 diff=2115 peers=6 mempool=0 epoch=1 regime=Final
  node3/ap-northeast-1 TELEMETRY tip=2296 final=2288 stall=8 age_s=614 diff=2101 peers=6 mempool=0 epoch=1 regime=Final
[2026-07-28 14:31:15] ⚠️  tip spread 2292..2297 (>3 blocks — watch for a fork)
[2026-07-28 14:31:15] 🎯 EPOCH BOUNDARY CROSSED at WAN pacing — epochs: 1 1 1 1
[2026-07-28 14:36:23] iter=59 (t-ops sampler)
  node0/us-east-1 TELEMETRY tip=2300 final=2296 stall=4 age_s=454 diff=2066 peers=6 mempool=0 epoch=1 regime=Final
  node1/eu-west-1 TELEMETRY tip=2298 final=2296 stall=2 age_s=229 diff=2117 peers=6 mempool=0 epoch=1 regime=Final
  node2/ap-southeast-1 TELEMETRY tip=2300 final=2296 stall=4 age_s=454 diff=2066 peers=6 mempool=0 epoch=1 regime=Final
  node3/ap-northeast-1 TELEMETRY tip=2300 final=2296 stall=4 age_s=454 diff=2066 peers=6 mempool=0 epoch=1 regime=Final
[2026-07-28 14:36:23] 🎯 EPOCH BOUNDARY CROSSED at WAN pacing — epochs: 1 1 1 1
[2026-07-28 14:41:30] iter=60 (t-ops sampler)
  node0/us-east-1 TELEMETRY tip=2305 final=2296 stall=9 age_s=654 diff=2118 peers=6 mempool=0 epoch=2 regime=Final
  node1/eu-west-1 TELEMETRY tip=2305 final=2296 stall=9 age_s=654 diff=2118 peers=6 mempool=0 epoch=2 regime=Final
  node2/ap-southeast-1 TELEMETRY tip=2305 final=2296 stall=9 age_s=654 diff=2118 peers=6 mempool=0 epoch=2 regime=Final
  node3/ap-northeast-1 TELEMETRY tip=2305 final=2296 stall=9 age_s=654 diff=2118 peers=6 mempool=0 epoch=2 regime=Final
[2026-07-28 14:41:30] 🎯 EPOCH BOUNDARY CROSSED at WAN pacing — epochs: 2 2 2 2
[2026-07-28 14:46:38] iter=61 (t-ops sampler)
  node0/us-east-1 TELEMETRY tip=2306 final=2296 stall=10 age_s=786 diff=2133 peers=6 mempool=0 epoch=2 regime=Final
  node1/eu-west-1 TELEMETRY tip=2307 final=2304 stall=3 age_s=307 diff=2140 peers=6 mempool=0 epoch=2 regime=Final
  node2/ap-southeast-1 TELEMETRY tip=2306 final=2296 stall=10 age_s=771 diff=2133 peers=6 mempool=0 epoch=2 regime=Final
  node3/ap-northeast-1 TELEMETRY tip=2307 final=2304 stall=3 age_s=307 diff=2140 peers=6 mempool=0 epoch=2 regime=Final
[2026-07-28 14:46:38] 🎯 EPOCH BOUNDARY CROSSED at WAN pacing — epochs: 2 2 2 2
[2026-07-28 14:51:46] iter=62 (t-ops sampler)
  node0/us-east-1 TELEMETRY tip=2311 final=2304 stall=7 age_s=703 diff=2026 peers=6 mempool=0 epoch=2 regime=Final
  node1/eu-west-1 TELEMETRY tip=2311 final=2304 stall=7 age_s=703 diff=2026 peers=6 mempool=0 epoch=2 regime=Final
  node2/ap-southeast-1 TELEMETRY tip=2312 final=2304 stall=8 age_s=734 diff=2042 peers=6 mempool=0 epoch=2 regime=Final
  node3/ap-northeast-1 TELEMETRY tip=2312 final=2304 stall=8 age_s=734 diff=2042 peers=6 mempool=0 epoch=2 regime=Final
[2026-07-28 14:51:46] 🎯 EPOCH BOUNDARY CROSSED at WAN pacing — epochs: 2 2 2 2
[2026-07-28 14:56:54] iter=63 (t-ops sampler)
  node0/us-east-1 TELEMETRY tip=2317 final=2312 stall=5 age_s=220 diff=2116 peers=6 mempool=0 epoch=2 regime=Final
  node1/eu-west-1 TELEMETRY tip=2318 final=2312 stall=6 age_s=342 diff=2128 peers=6 mempool=0 epoch=2 regime=Final
  node2/ap-southeast-1 TELEMETRY tip=2317 final=2312 stall=5 age_s=247 diff=2116 peers=6 mempool=0 epoch=2 regime=Final
  node3/ap-northeast-1 TELEMETRY tip=2316 final=2312 stall=4 age_s=170 diff=2104 peers=6 mempool=0 epoch=2 regime=Final
[2026-07-28 14:56:54] 🎯 EPOCH BOUNDARY CROSSED at WAN pacing — epochs: 2 2 2 2
[2026-07-28 15:02:02] iter=64 (t-ops sampler)
  node0/us-east-1 TELEMETRY tip=2322 final=2312 stall=10 age_s=587 diff=2128 peers=6 mempool=0 epoch=2 regime=Final
  node1/eu-west-1 TELEMETRY tip=2323 final=2320 stall=3 age_s=156 diff=2128 peers=6 mempool=0 epoch=2 regime=Final
  node2/ap-southeast-1 TELEMETRY tip=2323 final=2320 stall=3 age_s=156 diff=2128 peers=6 mempool=0 epoch=2 regime=Final
  node3/ap-northeast-1 TELEMETRY tip=2323 final=2320 stall=3 age_s=156 diff=2128 peers=6 mempool=0 epoch=2 regime=Final
[2026-07-28 15:02:02] 🎯 EPOCH BOUNDARY CROSSED at WAN pacing — epochs: 2 2 2 2
[2026-07-28 15:07:10] iter=65 (t-ops sampler)
  node0/us-east-1 TELEMETRY tip=2329 final=2320 stall=9 age_s=502 diff=2186 peers=6 mempool=0 epoch=2 regime=Final
  node1/eu-west-1 TELEMETRY tip=2329 final=2320 stall=9 age_s=502 diff=2186 peers=6 mempool=0 epoch=2 regime=Final
  node2/ap-southeast-1 TELEMETRY tip=2328 final=2320 stall=8 age_s=462 diff=2175 peers=6 mempool=0 epoch=2 regime=Final
  node3/ap-northeast-1 TELEMETRY tip=2329 final=2320 stall=9 age_s=502 diff=2186 peers=6 mempool=0 epoch=2 regime=Final
[2026-07-28 15:07:10] 🎯 EPOCH BOUNDARY CROSSED at WAN pacing — epochs: 2 2 2 2
[2026-07-28 15:12:18] iter=66 (t-ops sampler)
  node0/us-east-1 TELEMETRY tip=2335 final=2328 stall=7 age_s=324 diff=2270 peers=6 mempool=0 epoch=2 regime=Final
  node1/eu-west-1 TELEMETRY tip=2334 final=2328 stall=6 age_s=280 diff=2245 peers=6 mempool=0 epoch=2 regime=Final
  node2/ap-southeast-1 TELEMETRY tip=2335 final=2328 stall=7 age_s=324 diff=2270 peers=6 mempool=0 epoch=2 regime=Final
  node3/ap-northeast-1 TELEMETRY tip=2333 final=2328 stall=5 age_s=255 diff=2249 peers=6 mempool=0 epoch=2 regime=Final
[2026-07-28 15:12:18] 🎯 EPOCH BOUNDARY CROSSED at WAN pacing — epochs: 2 2 2 2
[2026-07-28 15:17:26] iter=67 (t-ops sampler)
  node0/us-east-1 TELEMETRY tip=2338 final=2328 stall=10 age_s=555 diff=2273 peers=6 mempool=0 epoch=2 regime=Final
  node1/eu-west-1 TELEMETRY tip=2338 final=2328 stall=10 age_s=555 diff=2273 peers=6 mempool=0 epoch=2 regime=Final
  node2/ap-southeast-1 TELEMETRY tip=2338 final=2328 stall=10 age_s=614 diff=2273 peers=6 mempool=0 epoch=2 regime=Final
  node3/ap-northeast-1 TELEMETRY tip=2336 final=2328 stall=8 age_s=399 diff=2286 peers=6 mempool=0 epoch=2 regime=Final
[2026-07-28 15:17:26] 🎯 EPOCH BOUNDARY CROSSED at WAN pacing — epochs: 2 2 2 2
[2026-07-28 15:22:34] iter=68 (t-ops sampler)
  node0/us-east-1 TELEMETRY tip=2340 final=2336 stall=4 age_s=352 diff=2278 peers=6 mempool=0 epoch=2 regime=Final
  node1/eu-west-1 TELEMETRY tip=2343 final=2336 stall=7 age_s=503 diff=2298 peers=6 mempool=0 epoch=2 regime=Final
  node2/ap-southeast-1 TELEMETRY tip=2343 final=2336 stall=7 age_s=537 diff=2298 peers=6 mempool=0 epoch=2 regime=Final
  node3/ap-northeast-1 TELEMETRY tip=2341 final=2336 stall=5 age_s=383 diff=2260 peers=6 mempool=0 epoch=2 regime=Final
[2026-07-28 15:22:34] 🎯 EPOCH BOUNDARY CROSSED at WAN pacing — epochs: 2 2 2 2
[2026-07-28 15:27:42] iter=69 (t-ops sampler)
  node0/us-east-1 TELEMETRY tip=2347 final=2336 stall=11 age_s=783 diff=2303 peers=6 mempool=0 epoch=2 regime=Final
  node1/eu-west-1 TELEMETRY tip=2347 final=2336 stall=11 age_s=783 diff=2303 peers=6 mempool=0 epoch=2 regime=Final
  node2/ap-southeast-1 TELEMETRY tip=2346 final=2336 stall=10 age_s=720 diff=2291 peers=6 mempool=0 epoch=2 regime=Final
  node3/ap-northeast-1 TELEMETRY tip=2341 final=2336 stall=5 age_s=383 diff=2260 peers=6 mempool=0 epoch=2 regime=Final
[2026-07-28 15:27:42] ⚠️  tip spread 2341..2347 (>3 blocks — watch for a fork)
[2026-07-28 15:27:42] 🎯 EPOCH BOUNDARY CROSSED at WAN pacing — epochs: 2 2 2 2
[2026-07-28 15:32:50] iter=70 (t-ops sampler)
  node0/us-east-1 TELEMETRY tip=2349 final=2344 stall=5 age_s=429 diff=2277 peers=6 mempool=0 epoch=2 regime=Final
  node1/eu-west-1 TELEMETRY tip=2348 final=2336 stall=12 age_s=919 diff=2309 peers=6 mempool=0 epoch=2 regime=Final
  node2/ap-southeast-1 TELEMETRY tip=2349 final=2344 stall=5 age_s=435 diff=2277 peers=6 mempool=0 epoch=2 regime=Final
  node3/ap-northeast-1 TELEMETRY tip=2349 final=2344 stall=5 age_s=429 diff=2277 peers=6 mempool=0 epoch=2 regime=Final
[2026-07-28 15:32:50] 🎯 EPOCH BOUNDARY CROSSED at WAN pacing — epochs: 2 2 2 2
[2026-07-28 15:37:59] iter=71 (t-ops sampler)
  node0/us-east-1 TELEMETRY tip=2354 final=2352 stall=2 age_s=176 diff=2232 peers=6 mempool=0 epoch=2 regime=Final
  node1/eu-west-1 TELEMETRY tip=2353 final=2344 stall=9 age_s=768 diff=2230 peers=6 mempool=0 epoch=2 regime=Final
  node2/ap-southeast-1 TELEMETRY tip=2353 final=2344 stall=9 age_s=768 diff=2230 peers=6 mempool=0 epoch=2 regime=Final
  node3/ap-northeast-1 TELEMETRY tip=2353 final=2344 stall=9 age_s=786 diff=2230 peers=6 mempool=0 epoch=2 regime=Final
[2026-07-28 15:37:59] 🎯 EPOCH BOUNDARY CROSSED at WAN pacing — epochs: 2 2 2 2
[2026-07-28 15:43:07] iter=72 (t-ops sampler)
  node0/us-east-1 TELEMETRY tip=2355 final=2352 stall=3 age_s=265 diff=2218 peers=6 mempool=0 epoch=2 regime=Final
  node1/eu-west-1 TELEMETRY tip=2357 final=2352 stall=5 age_s=452 diff=2206 peers=6 mempool=0 epoch=2 regime=Final
  node2/ap-southeast-1 TELEMETRY tip=2353 final=2344 stall=9 age_s=768 diff=2230 peers=6 mempool=0 epoch=2 regime=Final
  node3/ap-northeast-1 TELEMETRY tip=2357 final=2352 stall=5 age_s=452 diff=2206 peers=6 mempool=0 epoch=2 regime=Final
[2026-07-28 15:43:07] ⚠️  tip spread 2353..2357 (>3 blocks — watch for a fork)
[2026-07-28 15:43:07] 🎯 EPOCH BOUNDARY CROSSED at WAN pacing — epochs: 2 2 2 2
